,Title,Item link,Price,Shipping
0,"Super Nintendo SNES System Console With 2 OEM Controllers Authentic & Clean!!
Opens in a new window or tab",https://www.ebay.com/itm/153688647582?hash=item23c88ea79e:g:NfUAAOSwzy9dymLH&amdata=enc%3AAQAIAAAAwBGIiaadE%2FwsBAXgG%2BkosR%2BEVKIFISBYNK9JX6DXDudustmrH%2B%2By%2FyJVnsjWb4AyiGb1FptHbSQjOzF7%2BoaXa6PIbC2zK3tPZ25v%2BEUm7ax34nURQrZromn5%2FNHpVrVFi3Rp4myQZmdCmgM7mX8e0VzTuYiXk5vE9DbsjTXyptrVHFaycZSdNoFSQdXBNuCXxQJse42u3K%2Bnc6LCa%2BafcANXe5%2FcJEIq5XclvgC8wPmZRTB8gQJH%2BJKV0h8L%2F5oXqw%3D%3D%7Ctkp%3ABlBMUNSs3crHYg,$248.12,Free shipping
1,"NEW LISTINGSony PS5 Blu-Ray Edition Console Final Fantasy XVI Bundle - White
Opens in a new window or tab",https://www.ebay.com/itm/225749264834?epid=2331304236&hash=item348fb469c2:g:64IAAOSwDe1kusfL&amdata=enc%3AAQAIAAAA4JrUKO%2Bg2BD6dINxVux%2FsOWzBysMN2WCUB%2Bi%2FqTuZlBl95J1iloONRYKZucckhKjQmyUnr0A9FA6UTY0xOEMhpVM6R63inWX%2Ba2puVL4We1Jp3i77ghrdcmQlfk9HVLqY2R2mH8%2FFai%2BCp89HpRDclf0i616E9G6XNloF8rlxcPQFGBgaKgUv6EMQw%2Ffvk7sPsR3KeDXXRTRXZQwowT1TSpJKLbG5VO1Qlw8p%2BG4nocH4hGonRxP5YMYaCQnSofNeXmJtNvH5yh5HsKAh3AfnXB%2BwWw5JQrDIN3A2G7QJbT9%7Ctkp%3ABFBM1Kzdysdi,$399.00,Free shipping
2,"Anbernic RG35XX Retro Handheld Game Console 64GB - 5K Games - Tracked, Insured
Opens in a new window or tab",https://www.ebay.com/itm/145212677577?hash=item21cf599dc9:g:sUIAAOSwlwJkxfwQ&amdata=enc%3AAQAIAAAAwINUgBLV62CgNBuGEzOTR7gtqUbgV3jPVcy0pMm%2FWu6OhiPm%2F%2FL3%2BGW4t72LUYgHYt99gvjHGUxZwjHwZLLoZ6BhEPRGSYKIloP0BWYcBCeH4VvwR8p%2BBNzdELf%2Bb4CqQKfBHiXSJxJWw8AHGsg7nZVtYMulogahabcGGeCxSiCm15NuhD4TMQoJN1h7w0rvKb14pSQ4Rx8a1j8VsS8s2BrLmLd1m7CDldSFAHs%2Fd7Nv65q4JHK9L4ZQflmqHQZB0g%3D%3D%7Ctkp%3ABk9SR9Ss3crHYg,$66.99,Free shipping
3,"Sony PSP 3000, 2000, or 1000 System Bundle w/ 64gb & QUALITY Battery & Charger
Opens in a new window or tab",https://www.ebay.com/itm/193360503183?hash=item2d052f218f:g:MvMAAOSwIFFisQjL&amdata=enc%3AAQAIAAAAwBxNLOVoOqwIVS0X7dR7alTWk9nzJUWdkBMVo1BdHdKJglcOA9yhURyySg0tdQ7%2F0bBYLKM780S7wUHAHrudN4g5zRoNr1v3nIcPNZA%2BTeUXKWppDk1q85JJU9SX0x6GMhb7a2gFK5A4ye%2BqfqD7x0JzqbrOU6cVAlAq6osrWutNbqKWNP4w4%2FIr3MqefCtYEC8MIXVhNKpDLyS7C4AITYXoFiNmd57gYIG%2FkxRoBsJ%2B8sTQjbTRTw%2BkTmfjfYoMqw%3D%3D%7Ctkp%3ABk9SR9Ss3crHYg,$79.00 to $140.00,Free shipping
4,"WHITE Sony PSP 1000 System w/ Charger & 64gb Memory Card Bundle Region Free
Opens in a new window or tab",https://www.ebay.com/itm/115530342630?hash=item1ae62520e6:g:O4IAAOSwY1NjJpsR&amdata=enc%3AAQAIAAAAwL6UixwucKfMbll0XjuLY8jy7ctBYU3pNnKmmhrIgqzwW57Q9f1Ood%2BGqc2xFdm1dVGS9vS9cCCHTeqA%2FDrPyTcCQZ7%2BhyJPDe9GafCObAbwQx4BDT5ZezLdPxxFdMB%2BHf%2FtSbSOQTVh96IxpV9O3To86VYDUQuhBoNnQwcXhLFpDXzDXrygwy6zRDxUwhv%2B0mBJvGorUO3OklF4C5S0NJnRd8P9Wa4buQtHTV52zuWRR53AZjyzsr99p8mQVh0wZA%3D%3D%7Ctkp%3ABk9SR9as3crHYg,$80.00,Free shipping
5,"Video Game Console Retro 15000+ Games TV Stick 64G 4K HDMI 2 Wireless Controller
Opens in a new window or tab",https://www.ebay.com/itm/145103918730?hash=item21c8de168a:g:OvoAAOSwQUhkcFkK&amdata=enc%3AAQAIAAAA4PGomTjyzTCf%2BF5rZc3ji7pujy9ax%2FeqjwaQ%2BI9tY4o3X9mwzON%2FPOGx%2F11OTKEYWNURx9Y%2BY%2BwWBIsX9hlaSg%2FWm11JTrFqMBkS4fRzdgjmyQeDmN6085LLZvmWFC2dvcdOgLCBcGdSa4KV6BNDG%2FsmEfN7%2FTUlJrtTgqX9vJFh8xomevKq2qQHR0QlB%2Fj7ZEK1e43FYHwfwGq79zggMq2No5uZwf9sljz430csQMHpaqQGkCFASS118qEErfZvgn2UMW25Dscs8Iigcj09F6IYouJZDwXaJWM%2BQYVPY2cY%7Ctkp%3ABk9SR9as3crHYg,$32.59 to $34.98,Free shipping
6,"Authentic Wii Console White + Pick Controls Wii Sports Mario Kart & More + USA
Opens in a new window or tab",https://www.ebay.com/itm/314387992124?hash=item4932fc0e3c:g:kMIAAOSwbSJkXttS,$146.99,Free shipping
7,"Microsoft XBox 360 E System BLACK Video Game Console 250GB Wireless Bundle 360E
Opens in a new window or tab",https://www.ebay.com/itm/364184910623?hash=item54cb1cbb1f:g:iwkAAOSwVKBjkTOR,$189.95,Free shipping
8,"EXCELLENT - N64 Nintendo 64 Console + UP TO 4 NEW CONTROLLERS + Cords + CLEANED!
Opens in a new window or tab",https://www.ebay.com/itm/142373490668?hash=item21261f0fec:g:G1kAAOSwai1jPb84,$149.95,Free shipping
9,"Sony PlayStation PSP 1000/2000/3000 Console with Charger/New Battery Region Free
Opens in a new window or tab",https://www.ebay.com/itm/204309390922?hash=item2f91c9e64a:g:KD0AAOSwfaxkP174,$129.99,Free shipping
10,"Authentic Wii Console System White + Pick Games, Controllers & Cords + US Seller
Opens in a new window or tab",https://www.ebay.com/itm/314069149141?hash=item491ffae5d5:g:L3gAAOSwTJpizD64,$97.99,Free shipping
11,"Nintendo DS Lite Console With Charger Pick Your Color USA Seller Tested Working
Opens in a new window or tab",https://www.ebay.com/itm/203012131792?hash=item2f44774bd0:g:uroAAOSw1e5grFGL,$69.95,Free shipping
12,"üî•Microsoft Xbox Series S 512GB White System - CONSOLE with Power Cord ONLY
Opens in a new window or tab",https://www.ebay.com/itm/185277762043?hash=item2b236a49fb:g:vMsAAOSwB5hh-Rok,$229.98,Free shipping
13,"ORIGINAL Nintendo Entertainment System Video Game Bundle Set Kit NES Console OG
Opens in a new window or tab",https://www.ebay.com/itm/334516818286?hash=item4de2c1916e:g:AD4AAOSw3YphYRwA,$170.95,Free shipping
14,"Nintendo DS Lite Authentic DSL Console Handheld + Charger *Choose Your Color*
Opens in a new window or tab",https://www.ebay.com/itm/144038149910?hash=item218957bf16:g:SbcAAOSwTSJiN-lQ&amdata=enc%3AAQAIAAAAwMzQdTWkU%2Fqi%2BmaUsZIvR%2FnezAeC1UIPQeYnb5n3QDvg00qHvKNRkHzHuPRUke%2B9j3icco6LqKsKCQgI7XB3h4ZbWdpNGtHkiv3i%2Fw5IkSa9wU7m%2FuqUF46npNxTF8COik9KVbG16pBQ2318bgSmbA49Mi0RuT%2BE4SKeYd6K96XjY13q2zAA8ofhYu91pVH4ojB1ARCFCnHVT7Cohb%2F3PyRO25VXdtvSILIM6YLaUyVBANvf5zb9uXV82Cy%2F6mC4QA%3D%3D%7Ctkp%3ABk9SR9as3crHYg,$9.99 to $73.99,Free shipping
15,"NEW LISTINGMicrosoft Xbox One S 500GB - White
Opens in a new window or tab",https://www.ebay.com/itm/195955735707?epid=23021734044&hash=item2d9fdf3c9b:g:5uMAAOSwEmNk7LTi&amdata=enc%3AAQAIAAAAwAcvcQX88SBxgZ5q0O1VJpFJ%2FbSBxppDjuZ%2BuA%2Bjw3f5VyCyxvfdTuWFw%2FKXKvs2C5IXBoyA7SqYTpJcBz0YkNMf8BJ7kTowBW3YTVzZ0zEH23AQ6%2BPUZzBftlTv%2FzJ6KmwhVu4%2FSbxfLSijciS3W3V%2FKRtuEdvhKLLbFaGAyQS3BfpqnB8hAq8A7pOr7Oa0W2VwwBfLK4WYVoSxCHGZb4eyV9%2Bs4WHlE9DtQ%2FGd2JIu9ogYne0%2BZwXH0Cek3wx47g%3D%3D%7Ctkp%3ABk9SR9as3crHYg,$60.00,+$22.80 shipping
16,"White Nintendo Wii System Console Bundle - Discounted
Opens in a new window or tab",https://www.ebay.com/itm/394807052540?hash=item5bec5588fc:g:uI0AAOSwCkBkrAzS&amdata=enc%3AAQAIAAAA4LGWl4KJTuOA2FsRB4aLsUQdmgG6cBD%2B28R1z5zBnglr3EzmzUJBwYvIPajL2dJKEsEizzS5hcCHXrYwmPFlwJIqvQhZmSxRh0ZT5vt73MTHXmTg92Cys8XHDvQy7cAwT86utfP45DjmimNjS5J2VHwgRFToGyhfiPirJMj3m%2BhfRkD6ergNq3fO1V8ALShk%2FVIcGttyLnxe6X4k20xwnr%2FVooabDI7xHNq1MfDwHjMBuirBoovt%2Fc05WdN5bZ2XySjWW0V9vqTc6ZeSyhWEDACsJvyryEowR3wjXkNWE8RR%7Ctkp%3ABk9SR9as3crHYg,$61.95,Free shipping
17,"Nintendo GameCube Console + Controller + Accessory NTSC-U/C (US/Canada) DOL-001
Opens in a new window or tab",https://www.ebay.com/itm/385416489296?hash=item59bc9ce950:g:LbgAAOSwOc5kKl3V&amdata=enc%3AAQAIAAAA4Iv26omJmjwapq2hNirQPBNQEMKZlgFgc46re7rt%2BfgXdLk6s4l6CrkO%2BMjDN%2BnHaqiWIvvfaHcchBwlopuiws6tHK4rb7VA6hQajpmUzgyZDVGwOa6%2Fzy0IpMvGpkb0PMtTAb2OcydjdZuGxnCu0q6rc72eiuxIIf7YK6EX3QSoMLCXDUpYDAVy%2Bqd1rOSUDVv33MdJj0gNi07Cs6buQE6S%2Bsd1Ceyl39CAWto0KASl3RDgBFKn5cwLIQOuugqBYCfN6dp2mXa2asNT2Y9%2BnVYffiB2VKl2%2BG6dUXr2eAkc%7Ctkp%3ABk9SR9as3crHYg,$58.70 to $153.88,Free shipping
18,"2020 New PlayStation - PS - 5 - Console - Disc Version with Extra DualSense Wire
Opens in a new window or tab",https://www.ebay.com/itm/385995930143?hash=item59df267a1f:g:7h4AAOSw6ppk4IJa&amdata=enc%3AAQAIAAAA4JVBj2OUlaEyPtuqAZAhuNX3D66LK6B081QtFe%2FFGl6ZQ6%2FBmuMJufCPXh5k4MguFbY9OTZHfAgq3VKD8PdLArFPygUABh2FoP9iCXdPMNtU1ioZj7x5RB4J%2Bu9sUJOC4hD7VxIvk%2BXVZ3h49KUVB4zdO9dSND59TW7jE5%2BrHEWbZS47jzVVYBSbNBNyvggPOcsoDmemqWC1vsFNYN4cAfrP6%2Fwarz12bFaQfqC1JiryEMmXPuel3A1I%2FEAmNPLC9NhSUhGsOVAUb3q4xexPsT3F3Eyu3poFM8vXBXfA6ZVk%7Ctkp%3ABFBM1qzdysdi,$455.99,Free shipping
19,"Original Xbox Console Replacement (washed + restored) New Belt
Opens in a new window or tab",https://www.ebay.com/itm/354955750468?hash=item52a502ec44:g:-e4AAOSwodtk36cs&amdata=enc%3AAQAIAAAA4Ajg6hWLqW5glQi8AQuyXjoY8wwZXmvwgROKm%2FZuOQvb4sZ%2BUxNn%2FjlmjLt5m24KX1r0NjTQNXLc5f2AFZdkax4esM9GKIlwSWJCretlmSApZEb1%2BpNUyENLpHU4iODu9vyRjv2yjmL9q3OGHKC9flKt6dQ1hJop1J2qV1076ZuMf%2ByxO5RSbPLdEFgXIRoLhrKW3g%2F4SLRWJ9KSLBxvEdqAgVy%2BSk4GKiS4PVhnHwe3g4U7s%2BMJgq59tpLYBZXdhBLJd6Gunjbt0qGnSUzLnDd0aXcUwCfXimCvApsG4idT%7Ctkp%3ABFBM1qzdysdi,$149.95,Free shipping
20,"Built-in 64GB 10000+ Video Games 4K HDMI TV Game Stick Console Wireless Gamepad
Opens in a new window or tab",https://www.ebay.com/itm/125965041904?hash=item1d541a00f0:g:xXsAAOSw-W9kfoeJ&amdata=enc%3AAQAIAAAAwD2uGSCzUdORRqhUpzwStKkoOzOZPXzVWv6wyLi6098aBkkcl4gok5NJG3U4o7vEq54bM5tIVIsVJoSVio1IW7ZoVFibHnVEDxfTpCQxwbQ0pdX%2BkNVAnjB2dF1fiKsaXaM0BRBXHjF8dnod4KgF67%2BWGdAkRF24FSo7PiMb60chWczYad6UxdWwMUBjk24ghFnTaawU43zRVtcTAS172HpLABZ%2B1KEeEJZwH2B129h20rCaHgqnTTpdImfD0lTFGA%3D%3D%7Ctkp%3ABk9SR9as3crHYg,$23.89,Free shipping
21,"Nintendo GameCube console + Controllers + Wires + Memory Card Choose Your Bundle
Opens in a new window or tab",https://www.ebay.com/itm/145191279826?hash=item21ce131cd2:g:oQMAAOSwqKtkss6H&amdata=enc%3AAQAIAAAAwGubsN1MNc1Ofm4wwG87McgKSiyRx3afWGiMviePp3BfnsBrMldC8CepgcF5NiwnsFo3CHMRkCdFJTO4WXDDGwMicxkVo9UeDBXeHbmXBDxZQgKCkeoqDWFjoxJ8juNdausO69MEK6rSF2nUtJ5r11upyUaS1xX2nSag03N8wIKuFuPtGpihkLmVB8cdr%2BkW%2Fj4ocfY8b%2BBt9G%2B4O%2BeB%2FU9zKtrWVatQF92GmX0ep8Ts2BVcIXnzWPUIqyxZK%2BWF%2FQ%3D%3D%7Ctkp%3ABk9SR9as3crHYg,$28.99 to $183.99,Free shipping
22,"Miyoo Mini Plus + Handheld Console with Samsung 128GB Ready to Play - US Seller
Opens in a new window or tab",https://www.ebay.com/itm/314587385401?hash=item493ede8e39:g:3m8AAOSwbitkXbkE&amdata=enc%3AAQAIAAAAwKOYK5n7GmfEvXB8P9O7SjRtO24eb7vcmYF5N0%2FzqdVgYMv9Vxz%2FnsxzKVpuZdULKiBViGpH978e3GWWQaBmN508N5Rrxt5M11nWIG9dYCepizZ2Tba6jyA5VhkItBGx0p5ZZ2nIeGyhxkRICBCJB06YnH3t8nZh%2BdUbtUhztM0ZrbNjE9hrzMLN5GpZFHoz3zrL0GEYRtpZGIpgqycBtkDu8jo1lluIr13NSfZw9LzTcs7VR17LWrnLlMN8mQxcTg%3D%3D%7Ctkp%3ABk9SR9as3crHYg,$103.55,Free shipping
23,"Sony PlayStation 3 Console PS3 Slim Black Bundle Controller & Cords Tested
Opens in a new window or tab",https://www.ebay.com/itm/225215849185?hash=item346fe922e1:g:a~QAAOSwWn9jUKWs&amdata=enc%3AAQAIAAAA4LLXhmKvnp%2BM9GOLztmsq2EDTufoAUpVEkthgP3ini9tcZlMkrzfDcuAR8i9MnkniPAilLadgjwxEVWLnRRFpyaxWT23ffMumhW%2BQBPoxqHCTXTZ%2Bq16ZQi6IRfn95Lh%2BHK3QEp2VjuWbwBVfZgIsEhFYdlXlq1q7NkQgNmeorRsT6zyK%2BNrWvSuJSny3kieNXFC2HsK%2BVHaxZkAR4toE3sp9bubsS5lOKnDgRCJiyHc92O6O%2FLO8Y1ZQZoOOK84sjNzoGugk7nhg5gx4lH8%2BrLHBH5474FaTW5IavWsQesj%7Ctkp%3ABk9SR9is3crHYg,$124.95,Free shipping
24,"NEW LISTINGMicrosoft Xbox One X 1TB Home Console - Black
Opens in a new window or tab",https://www.ebay.com/itm/195955732251?epid=25025035060&hash=item2d9fdf2f1b:g:HOUAAOSww-1k7LQb&amdata=enc%3AAQAIAAAA4ObcEVApxRJznXAZim9kkqLhQhcV7Y9T4mFbIFYER7YZfntyWE5FXiqnlMdAXuqeisbBVR%2FrXwRrcr8wUn%2FdpBa558XF4Yn6ZXFoofjXN162RwHgn%2BzU1F9F4ivcDbgqR9E4RNYbeG5k%2BRSnHqD7CQF45WxEcnH8dkdyIaQOhe86tkoMxo4BDfKgWpitS7b1vas8bFnNaxHmNwDgzCNwdARU64PcOfHwE8%2FyMpuaX24Bl01L6mMAM78PTYZuWiEuNzEqtHkhd4myJPWhJY2eVmw9BovF7eqrwR6e5c9ns2mt%7Ctkp%3ABk9SR9is3crHYg,$80.00,+$22.80 shipping
25,"NEW LISTINGplaystation 5 1.8 TB
Opens in a new window or tab",https://www.ebay.com/itm/314799153558?hash=item494b7de196:g:a0AAAOSwUg5k7KQW&amdata=enc%3AAQAIAAAA4KPtaBeG0Ij43IcZ%2BDMZfvgHkag%2FtbYPOIjpQnV%2F6C4aTSDmcKaCbnVfM56HqHhLD6WSFKgbYDMtm6wS%2BNlBekxsax1zsxh8wj4DwCd%2B%2BQkbci7pZ8ghXYLxgxYPBX0MPt7lYi8JLlHFerygmq8GNSrmA7HHiboLsfWMj%2BYqKgyou6PTlG2g3YblybKGyj4YlsThSigyJAAqXzFsbMQ7qy8ixedVm6SEF2dI48ewessFNwPS7CaE1bLZtYPNWBuTiXpdEaXaKrsC1tIma4Uwimnv2JS3CG126H6z%2FKxplZlI%7Ctkp%3ABFBM2Kzdysdi,$380.00,Free shipping
26,"NEW LISTINGSony PS5 Blu-Ray Edition Console Final Fantasy XVI Bundle - White
Opens in a new window or tab",https://www.ebay.com/itm/166302472501?hash=item26b8665935:g:64IAAOSwDe1kusfL&amdata=enc%3AAQAIAAAA4N71CK1xEyYKSQtV0VvoxCb7pB1usHgRWhr4JZYbYwi8mVSYsMGs8C6ccyw8%2BPHckSSJ0S79RFKlZp9WwfdaxXbA3AmeIaX9N%2BHrryMBlKzmbNdXomq3f8s92Az4WNaZ6sFLiOTdX02HndRe8yzx59cEXSC%2BAxoXlwY0tndp1zvhoNmzbjnSrLfwewc1RvNeIr10DJv5vKqTHnfYhfosttDpCeILadd1xS%2F9SufBF14DRb%2FDfPrjq94HCswF4ZoTcQid25MmI5m0PbgRIQwZt6giUDE9HjO%2FzNoBzaYrE3O2%7Ctkp%3ABFBM2Kzdysdi,$377.00,Free shipping
27,"Nintendo GameCube DOL-001 console + controller + accessory GC NTSC-U/C US/Canada
Opens in a new window or tab",https://www.ebay.com/itm/134497213639?hash=item1f50a89cc7:g:r8gAAOSwxN5kLhCP&amdata=enc%3AAQAIAAAAwMeaPxRKnpB7RDTok2PCL6daqqnOTdXKaPMWwf7FTaq%2FNh75O6hzVNfIiroLPGEpUATZRWhD2LlosQrKdovTu4j5wUJbHc3hokfI9RCEMwQCYY%2BVSH%2BafKwssFUKzJCiOc5HGFsjMZa4PSzhZme4iHR5YNAkzBNpovtptQidvSO1TpUvmznEtegzruX3IjVOlCmqCIigLGVuZmZ8ov7pA4AuB5B24r8Vs6sXRtkkrxp48fvbXSFgnlbLG3mfAXNq8A%3D%3D%7Ctkp%3ABk9SR9is3crHYg,$59.39 to $162.99,Free shipping
28,"Nintendo DS Original NTR-001 Console w/ Charger Choose Color Tested Works FromUS
Opens in a new window or tab",https://www.ebay.com/itm/285378996474?hash=item4271e9e8fa:g:iqIAAOSwOzNkq2vQ&amdata=enc%3AAQAIAAAAwA%2B92dRCwDhvm%2FI2u8OQFGuyhA5KTAj%2Bg3huRBUhA34qAPFJMoVemTDh7PITIoI7jkZeNeL8smBIG5ZmmQC5hX9MnyCTrIU7XeAgSrlyo5rT0UnGwEhWSGesAZpjzMM%2B9oFWJ%2FqelPJNZVD8PcftEaE4tVAsp6CnHVmpfs%2BryHaTiqNbUcG9kV5hW3pPbwwbYcjDb%2FEtrPwjDTwETunFZgytl%2FpBPaUnXYtt0IH908sw2vfZ7eD0cj2kDDvKvBGF%2FQ%3D%3D%7Ctkp%3ABk9SR9is3crHYg,$44.59 to $52.99,Free shipping
29,"Microsoft XBox 360 E System BLACK Video Game Console 250GB Wireless Bundle 360E
Opens in a new window or tab",https://www.ebay.com/itm/364184910623?hash=item54cb1cbb1f:g:iwkAAOSwVKBjkTOR&amdata=enc%3AAQAIAAAAwFg52MgAoeqIqsUQuhUpsGcExdkkdK%2Bw0H0wPongcQckrk%2BPKgrU1zqFHfuR1fpUnCgu5f1pXXEowvS%2BS0sB%2BG0UT%2F0OgCL%2BclgEL8UAT%2FumysgxykYMFucghx9TcSe8QmRAWODBwY2771B1SZjMuN64d65EP0GgLc1SHfD7tQeh0a7W3SnqCYtQEN4HOAOo9z82cdqzyD3hZ1%2B4v%2FD2UoPvKQP0ktMVrUpRjqfq3JPTxSDSLoq%2FJjc5X1pPqCaRmQ%3D%3D%7Ctkp%3ABk9SR9is3crHYg,$189.95,Free shipping
30,"Nintendo 64 Black Console + Controller + Accessory Region Free Used Tested
Opens in a new window or tab",https://www.ebay.com/itm/385612701870?hash=item59c84ee0ae:g:tYYAAOSw6xNkYGhJ&amdata=enc%3AAQAIAAAA4KuosvrXvXt2V3iKbmUDSwqfActngxVMpixIkPYQv79naPZhzkJ9Cz6mntu8YFmzjDuvx8F%2B4kr6RynCGW3ojOcbDbmth0OvSGW0Dw%2ByoaVr3uLyn4dijwoKrwqlDcmJYekrZetpG24JTgcUeV0lwnj4Y3661izAcwFOiqnWm%2Bb3DGCCy%2FrCa0nrpC9cB1DU1KbSmqPptdVj%2BESug0Pobin1dvwCiJYWhpfd0LcW1xTESBhWYIST8lLhgjWxrWXrSHUkpJe8AHU6iDF5GNnJw37FPD6jQSXqZJmonXqGyG%2Fx%7Ctkp%3ABk9SR9is3crHYg,$58.99 to $117.99,Free shipping
31,"Nintendo DS Handheld System - Silver (Lines on screens)
Opens in a new window or tab",https://www.ebay.com/itm/204425407476?epid=1100230413&hash=item2f98b42bf4:g:YoUAAOSwSP5k1SmY&amdata=enc%3AAQAIAAAA4JvF16pYpZuqHAF2bwmL3wrVI4ykytCu%2Br8ajb1T97gxZkCzXYEmC0te7GEZ2ApxQcY107mtjti9%2BiqvFZIeTcqGi4J06XcF%2BffYAJK8KhGUNHo4GorMMiF3hqjbsw%2Fd572q%2F4NdW99fjSO%2B1SLKQFfFkqBECUeXoj24pgnWE51TDQ7XvMNUbzeo3jxgbtZtXTcK6Dvlp%2FPs9NobK9N6AKLEt234ZnLC46gMJjm0YCA4kLf%2FYGJSes0bFbDfUEVFoGFQ6LCSUjldiL9n2Fj6DWn3Mu8yYSVFOlNvaolr5Oe1%7Ctkp%3ABk9SR9is3crHYg,$22.00,+$6.35 shipping
32,"NEW LISTINGNintendo 64 Home Console - Black
Opens in a new window or tab",https://www.ebay.com/itm/314798345606?epid=110635016&hash=item494b718d86:g:EhUAAOSwTs5k6YE4&amdata=enc%3AAQAIAAAA4BcV%2FTqKevV%2B%2Bk9t4QZTPhh1Im%2FAinZodDyMaRQUylnhJOJhsW4GmI9VXT7lxQKtaKg2qvkLYDPLo5cBd7p375Gl72Ip6yyf%2F3VW%2B2DcdWG4v4OKria88%2FCm6jwOnpCwu6tshSODKyTwEyu5XUhJIMHweT6c6v0TIAKjfI5s2DDgQobNly2thDXwSC9bQt53LfRwhRwT8lWAtB3NbQisL826yBglsTIMed1fk%2BxIWhoFflB99HY33DVBboM9aGMg08iDeTKBu6m1O87SEuAM8ORoGeC4%2BMMGh7IIJgmPQlbU%7Ctkp%3ABk9SR9qs3crHYg,$36.00,+$12.20 shipping
33,"BLACK Sony PSP 1000 System w/ Charger & 64gb Memory Card Bundle TESTED Import
Opens in a new window or tab",https://www.ebay.com/itm/194341832123?hash=item2d3fad05bb:g:JckAAOSwEqdhNmtl&amdata=enc%3AAQAIAAAA4Hnu487pnS6cVGi1rdRiDfr9ttLMxf68PWqfn1rQ0WOuT8T8RVNQWxehdMDW2z4%2F9wWRBwTekxFrmif0mfr5FHwleZ5aDN4KwIYn1uvq2BWeGBULCkwDFzVh%2FFnze5Gy0Jx5ks5gZ%2F%2FN86GcM4C0FnGllNYfkcW8v6uURsvOvDU2veyY9NR1n0TqvZJWg2iE1kwft%2F0iZMctfFB1JaWrFxykNS8gPNIn3Iv0Kk%2BpxAyae2MLv6VFc2PZxHVRxHp0eMTPiuJrTS7mDd8Q0yjH3kFS4yXEOJ9%2F10LadzTrY7oL%7Ctkp%3ABk9SR9qs3crHYg,$83.00,Free shipping
34,"NEW LISTING32GB USA Nintendo 3DS Red Console Tested Working and Stylus Included I11
Opens in a new window or tab",https://www.ebay.com/itm/276019356818?hash=item4044092492:g:6sAAAOSwEttk7LSk&amdata=enc%3AAQAIAAAA4MjzpYOkcyRlTNqlR9u01heaxkiTMJSL1AUnoy8bKt3I%2Bi7Y5dKX5gRURFqzUGAHrDNOq7pdZFbLJY3MYG1JJsUJQ4f48gMaaKJrsSekwTNJ1AgmTZxk6FEEEcY1fLDqKRvDwyeFDPN4JlPRwG3hsY49FqFGwHKgY4cUq3DYy5k%2FyBiukqyfJ7toCOz4xgc0pZWIqxVCz%2BIe4R7il9EXtaH5kThkvXvv44M7UU7upOz8dv4nPI18RGlPHlbofV8xkyWUn8pKWhW70gdtyFjETOFNE321a3P62gCgC934ykpE%7Ctkp%3ABk9SR9qs3crHYg,$95.00,Free shipping
35,"Sony PlayStation PSP 1000/2000/3000 Console with Charger/New Battery Region Free
Opens in a new window or tab",https://www.ebay.com/itm/204309390922?hash=item2f91c9e64a:g:KD0AAOSwfaxkP174&amdata=enc%3AAQAIAAAAwMm8B34ScXWwuw1Jv8Prb8iBxcPPwZf0SJWQudGq0fXLBBdll%2BfkFZApMRgfnYlHHObuDB7kbSJ%2FVj0NPDBMCusUxS7%2Fjl%2F%2Feida1FMn0Hknl30%2Fadup%2F4SEN0ko6f1IC5xDqdcyWai8g6saJoNpI5%2FWn8oO%2B35BEbjqrKwx%2F1F6i1Qrc6Rol%2FtCONTwwM0LxSBa8xjCs18s1MvEJKv5me3Ml0Y3Z7Be0XCjViVyfb9%2BaEedOhOUO%2B0nIK4UADUaQg%3D%3D%7Ctkp%3ABk9SR9qs3crHYg,$89.99 to $139.99,Free shipping
36,"Nintendo 64 console N64 Region Free Smash Brothers Mario Kart include
Opens in a new window or tab",https://www.ebay.com/itm/384175119073?hash=item59729f1ae1:g:zX0AAOSwpa5gpgjb&amdata=enc%3AAQAIAAAAwLtufF8Gysa021h6S0bk4n%2FQHX1CABhzLJFS0z8dTXLe0LWEnMF9uLwMCcKJKhjqJAWmjJxOLhfCvXX8V%2F1313aonEBVbl4HFjngaA3LCdtP2mPYzvRL04xUw7AHNBTAgVRK2soRu9DRHVyNSNBk6AKWxwwBWWCk8r60kW4R53von27i5L7Kkh%2BykCNpShFwK7vwvFOGhHz8DtGXzS5rwo1PxjBhFogQnx0ZV9mzCQiwHrQ2P6lnbvtLscHaYSTmrA%3D%3D%7Ctkp%3ABk9SR9qs3crHYg,$63.99 to $359.99,Free shipping
37,"Nintendo DS Lite & Game boy Advance HandHeld Console System Pokemon Black DSL
Opens in a new window or tab",https://www.ebay.com/itm/385196649406?epid=111915093&hash=item59af826bbe:g:W8UAAOSwGMtf73JL&amdata=enc%3AAQAIAAAA4Eyu7qaDfOWBpxJwmYxlz5zJWHtCJhfWrCv4dTEY3kqLwrG%2B4rbZ3nMqCYmoGQiMHdmrdEtxXgCwwSdrl%2FhHBs90xDyeupzJ9e2VH3cyIQvEreJlIqM15Dg9LvgmCmAfPvt2GjUhLZE0N2tn4IQs6NhHHNME6S%2Fv1PQYIfHhPoQ%2Fvwfkciu1%2BKZwJIcMt2UfLWYAVMVltYhZp%2B539kQ7JOTyxv97WHKL7oXKrgszP1xYlYlflvkygxBpY%2BVpq%2BmNxxXJIGuMjlkMjV7wwkQ6IBlrvfeT8QvkQuAtJ3Cr4PLc%7Ctkp%3ABk9SR9qs3crHYg,$94.99,Free shipping
38,"Nintendo N64 Console System Bundle W/ Oem controller Cords Tested Lot Game Vtg
Opens in a new window or tab",https://www.ebay.com/itm/185603350390?hash=item2b36d25f76:g:ORQAAOSwtuBjOgYi&amdata=enc%3AAQAIAAAA4B5HS6d%2BRbsD7vm4Ywp8NUx7%2FPdg6RnpMeliB8IB1QIxE%2BGY5TnSTMXYs%2BQI6NXCYD%2FeS8XcrSCfHcYdLkvOGh6L7QbHsmMI8pp2NdPearv0FF9B6RkDdZ1gdfVMuEOuk7DeVgY2ZKxsVVc4bGunQMKeGEud0mz2YuFfsHC6RSRH4OxliLcQ%2By6q9Fw%2B%2BiHnrv0pr7unynCwEnE7uW8dVzN2y05pAIVlxad%2F8o0XKWtq14VpfEe1%2Fe%2FXui6%2FAKxVgCL0bgujdS41Y4p4oV9Wb9HjHJXSM5CrIbPJGtLK9vSf%7Ctkp%3ABk9SR9qs3crHYg,$118.75,Free shipping
39,"Xbox 360 White Arcade 32gb Storage Console W/PSU Wireless Controller & HDMI
Opens in a new window or tab",https://www.ebay.com/itm/285281873354?hash=item426c1fedca:g:j7sAAOSwXGdkXjje&amdata=enc%3AAQAIAAAA4PNQLczrqg3ZLB6gXdLmrYCdo6E4RSPVZ5YdxXA19Nljh%2FlFRxYrBkDJmg2izJ2Q6K3j7yQMRP0Sbjs1uWjjI6%2BMToulL6%2B0kpq2K7AcMxWSLkjer8b1e11z%2F0wwlIlyG3C16sPIWRnKplFBZTgYBey15HptKZsGyZLcwn9qxuAXG741bgKDB3E%2BgzWRBEqPCE1z1fcUJrN6QzH3HS2He93HjmpkkyehLtUlZ6ZjcDDzA05gytX7I74O1C68yEY1AWri6KtO3Gd1o45bXRUcPa9aXqybQZg8PVEGCvg35%2BSz%7Ctkp%3ABk9SR9qs3crHYg,$89.88,Free shipping
40,"NEW LISTINGMicrosoft Xbox One X - 1TB - Home Console - Black
Opens in a new window or tab",https://www.ebay.com/itm/325790974964?epid=26016662797&hash=item4bdaa7c3f4:g:kboAAOSwhY5k7LDP&amdata=enc%3AAQAIAAAAwJ3Ixgv1fSgQVB65sNqM2tvMvLnFJLqkEwfHr%2Bpq9cF22553N7pdgo58opA%2Fzlpw9iiviS26umTaBMfUY6qFmfBFP%2B10OlB%2BGB04A8Kde94rky2Ys5roQVtZOIjlmcTmUDcGv2IW6tzJupqTCUxXGG4279LwlI%2Bi7PHmR2oMnDmlnEq6CosHeXCFoFxpm63vQ3X43xORluunHYvFfSdaOOyKCZENYTJb%2BCxUxsfOz4HQiKyVkwba8HVlyyWdxx98cw%3D%3D%7Ctkp%3ABk9SR9qs3crHYg,$20.00,+$88.70 shipping
41,"Gameboy Original, Pocket, Color, Advance, & SP Systems/ Consoles, Pick Color!
Opens in a new window or tab",https://www.ebay.com/itm/354238604071?hash=item527a442327:g:13sAAOSwwB1jA9rz&amdata=enc%3AAQAIAAAAwB2MlliLsDJY6CnctBKxO9xsWu%2Bm%2FGnKz75ZXoxjvLyFYmpuDbqseJZNdceIjBq021cdvO6fOq98Cq5Ig%2BFFTK7y%2Bg2lFdL5LeUC58oKFPtZYh2aaJv7a9DMwQs6Ta54UpUVtnpmEd1oJrZEZbgpF1n%2FzvCeSUSfpSayoBrXvNN8DxiwAvKLtUIddIWt2qT%2BK37bKLPGcp9hiH48xCg1GyVRfmq%2BVZeQa8ZYCd3Q0zuVwHT0K6XApUhIgJITIUMl2A%3D%3D%7Ctkp%3ABk9SR9qs3crHYg,$89.99 to $239.99,Free shipping
42,"N64 Nintendo 64 Console Sets - 1 to 4 controllers - Games - Pick Your Set!
Opens in a new window or tab",https://www.ebay.com/itm/354992371283?hash=item52a731b653:g:LWsAAOSwfEVk3had&amdata=enc%3AAQAIAAAA4Jon7fgpHWtp7enN0OOHOlvavim1N8KITi4aDfSFdTMcMgfq3CRxLvg2ck1JQ9TRW%2FjqdsnIhvkm3%2Bd4cQ3mNjSjjChmnBeXKj1MQdYVmpIXOJZMbGt41DT9ckynKjAzZjrM0O1IT%2BvxzYsBG1pXcDCE0nR0uRZCLjlC6sZUt%2BSAv8GSCl%2BaIJSgumoHvEa6i2qaImRxW%2BFy7ydR4ZvnEXM8DQuBUNjmywhnDgaCwdW9iM8b6EFUD7euVQ%2B3oCy5RYe%2Fisnf2cZsiNWFPCCThXYUAD2aMdK7JJCJ4lcIBU8D%7Ctkp%3ABk9SR9qs3crHYg,$64.99 to $199.99,Free shipping
43,"Sony PlayStation PS Vita OLED (PCH-1001) Firmware FW 3.65, 128GB - Ship in 1-DAY
Opens in a new window or tab",https://www.ebay.com/itm/325410190862?hash=item4bc3f5760e:g:iqoAAOSwL1FjZAXo&amdata=enc%3AAQAIAAAAwJI0Yrk9AkiFY1yh0pvYwprFaA%2BNFu6o%2F15sRX8r90wHhdsOxowXpFe3r7wcSBerP7vYN6%2B7MFURqF6qeOfsirhBaBnKADd2bHOST9bT1BSB5s2tMiEaRMDNaLF2%2B5Q8BU3llbjfZoq1CzqY5kXR%2FKMOaJsDft5fq10tCT2gVQFygMY061mz0JdHnjyKnI4PzfAt7OsCk1LC2u9OReAfBiOdTjEWWxmrKdcHVMrFdbNpd7iDX5tCiva0gUDvaIEZew%3D%3D%7Ctkp%3ABk9SR9ys3crHYg,$159.00,Free shipping
44,"Original Nintendo Gameboy Console System w/New Screen and Tetris! No Dead Lines!
Opens in a new window or tab",https://www.ebay.com/itm/195416401838?epid=219493215&hash=item2d7fb9a7ae:g:dpIAAOSwN-VjTXjK&amdata=enc%3AAQAIAAAA4M9li8%2FVB5CUvb0FmOj%2B5hPzEFBliKZajUUew2um5iCeON02K86n1jQumM0PmKNkkDJ3Azxse9RLuCo9oirVi2FY7FdCtlOdJQmGtEcTe%2FAYJsr709wDStZObQ44NqxydheWuqfQSi4MLJC6Da%2F168J2VuRuopDxftJ8TTgP89ehU%2B9P30w0wDfhgFymkFaIa77gxYzKT8zgcJkHp7GOvkcp2D4xQ3StoeyXLYFOVHqgorW1uHKNQJUR8lKOtobts0lp2HYlyZkmPDYw4CNo%2BG3iQGk30DYG8ZATQXp4G7PW%7Ctkp%3ABFBM3Kzdysdi,$139.99,+$6.35 shipping
45,"Microsoft Xbox One 500GB Home Console - Black (Model: 1540)
Opens in a new window or tab",https://www.ebay.com/itm/266260634902?epid=15032166801&hash=item3dfe5edd16:g:dBMAAOSwOhNkYpAl&amdata=enc%3AAQAIAAAA4HQPwiX7pX1MKrD41hajY1p%2FQUR2nxo0bntP%2BwuqYpLKzeV5WhxBRid3%2BkbLfWp5tyPlKnkisrqDXW5H%2FezAaWrI2eMtTRd6mv%2BfVgsVo%2FEwXGFrfBHemX6%2BT6PrlHt3uCAYlP01hVTdHpgDxrvdoEeDcz6YgJgScnELmU7yZuNXIz2jZkF6TNbBwqUZSXe4E5Aye50b5YyC%2FNsLRJ5kKtIlp%2BcmDhV4eseO4ZA%2BHjwuhtcX2%2F646rqcpN35SpR0ousrWPjoa8kxUR4TdoTN3G8eCv%2B8N%2BE0%2BK8Qepvmcyxe%7Ctkp%3ABFBM3Kzdysdi,$109.99,Free shipping
46,"ANBERNIC RG405M Android 12 Handheld Game Console 4‚Äô‚Äô IPS Hall Joystick Plug&Play
Opens in a new window or tab",https://www.ebay.com/itm/374850023323?hash=item5746cd6f9b:g:z1wAAOSwgMhkyHlV&amdata=enc%3AAQAIAAAA4MGK5XstSien5gsj6r0Sk5fWc9OA1GhH69wBTyLi1J7eQzscZ9B64Psb9ux6Cx8wC3DCnhYeOWZciNJjpWDpa7Ku50O0Y1WSc9iu6xjRtVgsSf43O2NEucjGmko%2Bnn6tsg6UanGIJxnRI8rw4oJVmDHyB%2B%2BEa4oSwrZ9XCjkJW0TtEdL7k0rh7YaxV8qxzQjADWlbjyZL9xfgE030JsL9RngAYcNRmdgNRz4aRuxBeRrAcgIR5QU%2F%2BLFX7mfDrlcL0hwdHtsbrO%2FItzLElL2ZpL71shRflum%2FmXf7lSqtSP2%7Ctkp%3ABFBMkPfdysdi,$189.99 to $213.99,Free shipping
47,"NEW LISTINGMicrosoft Xbox 360 S Console
Opens in a new window or tab",https://www.ebay.com/itm/204442762633?hash=item2f99bcfd89:g:eA4AAOSwUPlk7JCA&amdata=enc%3AAQAIAAAA4LjA92UTmRAPG%2FSaicW90aN8Da5OHpCwfUUVoOM5hkCn71oFZHVuITL9GdtVYTMYXmw5OtK4haQuq1y9lEqM0WbP3%2BPZ4wuo8VpC3eQa9i9cDob8N%2F4vCMcI3vkrkNCMWnXVEQIiYXBu0aGUA5x%2FozpmCTKqbePJ1mwdZgNvD1XbQngqgrHMy7w1J4eabrCEyx58mnbxRE%2BZq39sKbQTSdKKq2SKUl%2B6AbEBQl%2BN%2BMgvXKHludH71KiwSA2zDfi2RX0yG27QWES7rgFToeyHDhb9kReTdFmJWpw9fx9uq%2FI%2B%7Ctkp%3ABFBMkPfdysdi,$29.99,+$16.47 shipping
48,"Original Nintendo Gameboy Console System w/New Screen and Tetris! No Dead Lines!
Opens in a new window or tab",https://www.ebay.com/itm/195416401838?epid=219493215&hash=item2d7fb9a7ae:g:dpIAAOSwN-VjTXjK&amdata=enc%3AAQAIAAAA4M9li8%2FVB5CUvb0FmOj%2B5hPzEFBliKZajUUew2um5iCeON02K86n1jQumM0PmKNkkDJ3Azxse9RLuCo9oirVi2FY7FdCtlOdJQmGtEcTe%2FAYJsr709wDStZObQ44NqxydgrmWM4ckqL1GV2mJSsHNrlgWNpVyRciorYuIuw8BuuosIV7E%2BXdXzIkHkN2B5qyfuyIxD0kb2zjxYLrOIiWjCbZIu107picYQbD5GMiynTcLcAS55cey%2BjfQOCDxhJAJWN4C3zo2q7s0KR8JrcEAj6ep%2BcDZaGCwzGR3PMqtkJ1%7Ctkp%3ABFBMkPfdysdi,$139.99,+$6.35 shipping
49,"Nintendo DS Lite Console With Charger Pick Your Color USA Seller Tested Working
Opens in a new window or tab",https://www.ebay.com/itm/203012131792?hash=item2f44774bd0:g:uroAAOSw1e5grFGL&amdata=enc%3AAQAIAAAA4FjTluuJjG4RYGjp4rJ5lBSv6jO9cOd1arDETaoGeB5Af3bgd6skatXf%2Bi9ORARTjdY7rFm0o27S7nx9ikQoEVn1R1eEHnt4ajkR%2BjFQAzD9gVea%2BSNgxniWtINVmjGb%2BvCvG6oSdJzMapBPDBIHhO9naSqbjrYq%2BIt911zbehrwgpHzAsmmy3NuuhCExorJDGjugxvo1TktBn%2BmWvqh05PevHpB22J8kCOrW2a%2FyvzUNwPDxkvww2QlRLOsPzNFaXIO%2B%2FY%2BnwtO2r3ovSYKSnuHP5Tc%2BtWGLKo1ondUWuQV%7Ctkp%3ABk9SR5D33crHYg,$59.95 to $69.95,Free shipping
50,"Built-in 800 Classic Games Mini Handheld Retro Video Game Console Gameboy Gifts
Opens in a new window or tab",https://www.ebay.com/itm/404010857195?hash=item5e10ec72eb:g:cc4AAOSw0t1jfHCj&amdata=enc%3AAQAIAAAAwABOODnbv1Pks9d%2B2iXsx9pynwd8WyrMcTfhE8adCW9YH2MImJJmt2eRGD4mEHFb0P8wG%2FJrhrTWyHDT0SVao1VQhutXxHsKx8T7HmnjWxLCkakcF4stR9QLmnKkfFYy%2BRP6S%2F24YLeS76fpACZVI6nSCI8NDN63UlSJ%2FVDi4JTMUzJ9NWcLwlYgAzifG2QDd%2FHqS600yaI4QiWYRfv%2BawckPviJ07aODPRm2acJeoXOb2N%2F1vU0agsIK3tDiqR2DQ%3D%3D%7Ctkp%3ABk9SR5D33crHYg,$14.90 to $15.89,Free shipping
51,"5.1'' 8GB Retro Handheld Game Console Portable Video Game Built in 10000 Games
Opens in a new window or tab",https://www.ebay.com/itm/313260060602?hash=item48efc12fba:g:Q5gAAOSwy7pfbAU0&amdata=enc%3AAQAIAAAAwN%2Bz8L2hnBClEQm%2B8MYuINQc9m3RlLoBbaVBoDX0Rpe8PuZFMrKC04BUFMUs%2FO7ghJbt7GlMk3hcGqjuNY%2BPNaFQ%2B73DX6TZSvZirJ1wZrAo27rY9J3EYi%2FMIPQxLwqLEzz58ZpFD%2F7LqWiuavPCTuiY3MdQT341q4JP65rWmK8NjHg0R8KEpAXfsQkJibyU3BxyqpEUTD4UH2Uf06HhYdJMQyWMrY3wsG30JRInX%2Bas1FgnfBZB2P7eDOMYIFex9A%3D%3D%7Ctkp%3ABk9SR5D33crHYg,$39.99,Free shipping
52,"Sony PlayStation PS Vita OLED (PCH-1001) Firmware FW 3.65, 128GB - Ship in 1-DAY
Opens in a new window or tab",https://www.ebay.com/itm/325410190862?hash=item4bc3f5760e:g:iqoAAOSwL1FjZAXo&amdata=enc%3AAQAIAAAA4FrQhKmmlCbeaCjKC7H52zqZ%2Bi4tpfCCTzpIZNVRp0dHBOqj3pBjCCmlNrIW9p9mIBW24i1KYtvLFdVpV7HMYb3KKZnrCp0v%2Bg%2BuH3AzDMEXFcNmUdmWapuCsG%2B29IRyY7uIHtQcUu9x3UXrHms4WX1ViYk4L1rnICXhReL9ukXqQuLcBV%2BVP4WQOrMY35fVqWE0qzfGqMzGwBTErGQ4d7nU%2FjAe8OxGt4Ah38RBj0TfsQbs5QUqnR4BYEPrIj1KQHuSbUDJrRR%2FlXY%2BIT%2BsOwcX5V19AGm1XNN2Xdbhkq4s%7Ctkp%3ABk9SR5D33crHYg,$159.00,Free shipping
53,"ANBERNIC RG35XX 3.5 Inch IPS Retro Handheld Game Console Linux 64G TF Card Gifts
Opens in a new window or tab",https://www.ebay.com/itm/314533833307?hash=item493bad6a5b:g:cr0AAOSw3ndkv5qR&amdata=enc%3AAQAIAAAAwOgfmZeBG4DzDWdNbDgjpanQAXc9zxoawLZ3kZ%2B6qq7NIwop4pAZl2zcSmWLgxKboTPbcsB6ODt9ZTun9TAz41txSSGJXNQxag9cjbfGx4o5jJq2%2BkkymOzjOkREVtcBl94UcMhRglJNeNl8ZT94UsnajorhiYBCjdVBL7Q6gUdh1gUM%2FMZ45EEw2UY%2FJWWyjJnZXAXPhrY%2B28hpfbHRAyae6ghxbC30itbtkReJ1CjF8Kg4aQ7CLX%2B1InK%2FGmR7Tg%3D%3D%7Ctkp%3ABk9SR5L33crHYg,$12.99 to $69.99,Free shipping
54,"Nintendo Famicom Console FOR PARTS ONLY / REPAIR
Opens in a new window or tab",https://www.ebay.com/itm/186047314790?hash=item2b5148bb66:g:v6kAAOSwHO9k5nML&amdata=enc%3AAQAIAAAA4IC9Ew39rzuz9mjZqMHZAX75wq7yCmwxwpSXMOC19UXwnqHfaBOFwcjMTBESb1mW7l2P5d6k6%2FrS1BIAEGf1iYpKfqIYR3%2BSU8fz7S0U%2BLNXxYoRePMPi0U8ZvYQtE1XXV9YCNPNxqTXC6ncbVod33NuAkHAC25TlU%2FsMU3mGCarUCJfohDuLyk0QKMxryMcB%2FcGsWPbtEaBUCcgDl2hda6Ob9kj%2FZtofWthfBiDk%2BZBDy8tpsHCjR40Sm4gYMZNM0og8kL43FOuVguRtXvKAh3KNjfNtDTU8Xg6bNWmcwWY%7Ctkp%3ABk9SR5L33crHYg,$14.99,+$4.90 shipping
55,"Nintendo DSi LL (JAPAN VERSION, Menu in Japan, USA Games work!) Ships from USA!!
Opens in a new window or tab",https://www.ebay.com/itm/155368845008?hash=item242cb46ed0:g:kh4AAOSwZG1jyjCd&amdata=enc%3AAQAIAAAA4GnUjGDE8QzgKgfI7ovIKVUtb7%2Bkn4HhK1eVX0fKAqJw0BMpQ75zHqMuXGWRX%2BTCgFM%2FmmVIFe84HGrVtDKtxgVnL1i7V2W%2BmTFLzj4UGJES0yymN%2FPCXDjMjJU4Ygl0PjDP19SZXXmJqwopo8XBAgfuf1ndMRk8dOS4NyIPrRMjDqqvL3iyaQ1zwzGhJUc1FDGhGTQ9tpIi4HF1DlMh1P4d1wXF0wNLqDlb4RGa6T8UcG3T4rtiUdVM8PwpdO1g46uWZAKxUu3dxKEK4HfsIspwCnnPBzJ%2BVyU%2FsfgGnwmb%7Ctkp%3ABFBMkvfdysdi,$49.00 to $79.00,+$17.05 shipping
56,"NEW LISTINGFor Parts Xbox One S - White (Model 1681) *READ*
Opens in a new window or tab",https://www.ebay.com/itm/145267700956?hash=item21d2a134dc:g:x5IAAOSwqVNk7JOX&amdata=enc%3AAQAIAAAA4Ig3gHX9%2F6yr5ueIHpAOIypBN6xyNAiWDsCNJLDow%2FiLCgAejdCDHpiuM2iRY8iRujjnEGrU%2BqemBTL4tMWHiOSOouusgDKs2f1de3PrmU5zAvQnvhsx0zWycXiRVM6H%2Fio8Kf1EJhB2wkBSXzbWCTAX581TeNXVaoddDnKHRSPSYzQp7PZcui%2FSjzQhy%2FlDCZDdGq%2FZcFYVcnPxXtyAMYeVCZEYs7mCPqFzh1hVbafEiy5U5BBjoRY%2FUdqjtpU5x1HlFpI0zYwHdeUj0t%2FyXVPfSk4EydH4FdF1OFuuEy1S%7Ctkp%3ABFBMkvfdysdi,$44.95,+$10.00 shipping
57,"NEW LISTINGNEW SEALED Playstation PS5 Console God of War Ragnarok Bundle + PS5 Controller
Opens in a new window or tab",https://www.ebay.com/itm/295905122234?epid=26057553242&hash=item44e551d7ba:g:gLcAAOSwZXRk7LWl&amdata=enc%3AAQAIAAAA4M66oow3nJC14qaJ7%2Bkk1OulfE2B9ZJSyRHF5ztptNxqYUvDQU5MbWw4TzhpCy4rz6Tt69yfD6Mmy7oKMQFhKw9Vi7i3WXiCcabfX41fVU3QcCK5wkVV1CBVpZ2hpIU1kX%2FQSdFJ3%2FMJoQvQIRFPJzIyit3SzzvN88aD4wB6KZbE%2BrIlPT%2BdgXVpg0OLY0xI8tVljfNyMzbL6Bsqp5kLK3p0ZgqDE0y4Oh5hXjy5Gj454abTbBLgWq3cwEJrU%2FzEDLnnLH2619%2FwA%2FbHvMSwysMcnf51hOUx17bwrmvgKlf2%7Ctkp%3ABFBMkvfdysdi,$449.00,Free shipping
58,"üïπÔ∏è[CARD ONLY] RG35XX Anbernic SD Card 128GB GarlicOS Pre-Installed LOADED
Opens in a new window or tab",https://www.ebay.com/itm/166134400021?hash=item26ae61c415:g:KqkAAOSwh2pkgKxT&amdata=enc%3AAQAIAAAAwOp%2FLuvwW8SYefpL%2BdqECh1UwCCTv8IPxIjdrO1zzxB6cz6JEHJQEkua69z4L4lTB8wxxir1jSXOf5MVcLMCQzs4h02N6GIO1pRSei4pDb3NOYNtO1giGubRa9opZAjahxG97olrYrLSZ1yupcPYb2JyBZihtZLIaO5%2BMjdj6Lgqon2DhAAoEtjv%2BX2sZABUH5gacgqHtNaZpcs1VDVJSBuMB%2BmHniAxNK%2Fmmu9f853v8cVbtQk4x5ddB6kisuYoiQ%3D%3D%7Ctkp%3ABk9SR5L33crHYg,$44.79,+$4.90 shipping
59,"Nintendo DS Lite NDSL DSL with USB Charge Cable Japan Region Free USA Ship
Opens in a new window or tab",https://www.ebay.com/itm/385125472809?hash=item59ab445a29:g:7PgAAOSwO3RjeIQ6&amdata=enc%3AAQAIAAAA4FCdX%2BDlfRB30ZeuaDRZVoSnYPZF8AIKXjitajm75%2F%2BsmSyaPQoa9gACUlCUVUkrfEEw6BpDttNVey%2F4Pda8ApAtyQfqStWT7MIuroKoQk1qkmBNfsQXmTMrzrF9W7FfgQNKn3%2FCqoymFyBJBvnHzTfKYmuBejC3NjjdtGLQh0i%2B7JFrzgZBh%2FFLKU99N1Vo%2Bq0RBhwsZQvwAyPVOw10j8x8DfZPGs8OSOQa5WWguzxjbXB2aKcdxMwIeH36b7w3%2FaCg3coN7F4WpqWslwWz%2Br6TrYRDWVP2WZsZlk7lYQSP%7Ctkp%3ABk9SR5L33crHYg,$53.00,Free shipping
60,"ORIGINAL Nintendo Entertainment System Video Game Bundle Set Kit NES Console OG
Opens in a new window or tab",https://www.ebay.com/itm/334516818286?hash=item4de2c1916e:g:AD4AAOSw3YphYRwA&amdata=enc%3AAQAIAAAAwIlzJdktY6699tryjzngBeQSt044mjhueJ9g2KQg1X7vkL6zCSXeetS4Fds1DYXUdSLQ96Q%2BALQN6XiGkdQ%2FMhDA%2FEZawEtyr%2F%2B7p3HhZQp%2Bfhx0PWXJjkrTBz3Q%2BnVcnBBnd1czZSxg1nzK3RLt7JOun37H9vLaZf%2BIleZf5G5BI96H79yOnSoPubEFkaU9eQDNOrYxfNkb4j5%2B%2FBRDDEmsyuwagCji%2BctTcvxWyUjEnyavq3yMmou3sXfkTUFu5A%3D%3D%7Ctkp%3ABk9SR5L33crHYg,$170.95,Free shipping
61,"4K Retro Game Console Plug&Play 20000+Video Game Stick Dual Wireless Controllers
Opens in a new window or tab",https://www.ebay.com/itm/385971674737?hash=item59ddb45e71:g:n64AAOSwg9dk2vUh&amdata=enc%3AAQAIAAAAwM6UUxM5SdtZtLDd6JqKUvK5EO8X9cRwsLatdnzElMzLt8qTEB3A0z2skm57%2FshJiddHGrDtfVA16rxDInPzuvo9kzWn1o19r9oFO0r4lfvlbuRrxh0xWFq6IG704glXnNnb%2BP%2BwtFZq%2Fs%2FwUqK%2F%2BMb0tJbYT2xyMwFY3%2B91dE3xj5Ucu9amjQpzxOfayaD1%2F77su8RoOytF4UmUPqPr92RSJ5R2LXd1%2FAS7F27wOazstX193dHsaUJ%2BhPU5%2BvAZAQ%3D%3D%7Ctkp%3ABk9SR5L33crHYg,$27.45 to $33.28,Free shipping
62,"ANBERNIC New RG35XX Retro Handheld Game Console 3.5 Inch Linux System Gift
Opens in a new window or tab",https://www.ebay.com/itm/314323940406?hash=item492f2ab436:g:ORIAAOSwEGpk0gTb&amdata=enc%3AAQAIAAAAwAcQ%2BMpb2imskkejOt2AAmaKjyeu6AcU%2B3i%2F43wvbweDgYNpQ71%2BCpPt0DLSqD4L0l00PFiHAHH%2Ba4%2BSrifV7uYQyOujha3IpWjcC8d0BW%2BqmsaeHW0U8TobfQVS5YZzrbHgFGyr%2BFZpSTTkzO4AJU5%2FmQEoyflQ8KFfrYCzyncMPyeX3brtyz4BaMcS%2FDID3pl8ai%2BuK%2BAWvdiL0E6uwvjYcwvRlNPTgp4J%2Fnb4lmS6F6N05DsvF%2FvxGjGlDhXpSQ%3D%3D%7Ctkp%3ABk9SR5L33crHYg,$67.99 to $69.99,Free shipping
63,"Brand New Super Nintendo Classic Mini SNES Entertainment System 21 Game Console
Opens in a new window or tab",https://www.ebay.com/itm/235123284976?hash=item36be709bf0:g:O8oAAOSwaxNk1Eyj&amdata=enc%3AAQAIAAAAwOsaP6xSyDPjgRwGdGVUNgRvyExYIUXxAZnSjd%2Fsq36uoaDnsjs%2FA6cE0VOLX0V%2FvjlKlMETuMzpIqzqBuKzEfyYuGgxGDQxHQtCgw4RAr1jNQAxtWot77Xn%2FrDphrlZne19AT1NqQ8wYumTs126nv068Aemlls3LXjWPqUy2pg3bcHfVAfIrm%2FZV8%2BYFRv67nO1hSTF%2FcXdci2AzXkLrNK%2FfbT6yXieTzsW1utjA3g1q7UXjJxcSPo73upUg6QO6w%3D%3D%7Ctkp%3ABk9SR5T33crHYg,$96.79,Free shipping
64,"Original NES Nintendo System Console - New 72 Pin, All Hookups
Opens in a new window or tab",https://www.ebay.com/itm/394415716234?epid=101801921&hash=item5bd502378a:g:8u8AAOSwqsFjpKKK&amdata=enc%3AAQAIAAAAwMq7xzyBIYg9oi19o3CjsXHtWKOyBFn3XbpSOHdx6kEktW%2FbmsVqOLvA%2BVeOz6aLgPEiVTikj%2FMwdgE8oM778qC4zJUpRuHs7x21%2BSyTuNhB2VhuRccLGygaOAL8HbebpHz9BnVJ%2FY%2FXqbwYkbveQQOMPLVjLENxVxOuGAzsV4KkvYavEhCcGgxkSgMb2MBP9ML%2FvvpFiTa%2FhV4c0qfNNHgSj%2FV%2B6mGDfLfAEvgL5LUtyVrjTKW8At1SwCcboyj7jA%3D%3D%7Ctkp%3ABk9SR5T33crHYg,$94.95,Free shipping
65,"Sony PSP-3000 Console Select Color w/Charger + new battery + random 3 games
Opens in a new window or tab",https://www.ebay.com/itm/403874765827?hash=item5e08cfdc03:g:8e8AAOSw-CxjGdw3&amdata=enc%3AAQAIAAAA4EEp4UWxM6tUOP1Hc0eAL2GsgUEDFp%2F1TqcTWsEo5yZCHuI2wfxUIW9Tb6XV4qR8O77vcUNq7mTcptjw%2BdbQFDMjE1v1uNMhhenkQos2Ml0k1kzo6gr56WSeY%2FNVBdUuFpUtqvm2iBkW7JfN2T6KWux9R7jXBxmshQ2DiEMS6SW0g%2FjeaG6qZBfdlILAw%2BF1ZeKyHWUIXORtscWIVxmbod2CA3cJqgrGWBGe9wGMtkLAzygN9VKXg%2B2Ap9Q7H25YVDaKuJLkRA0qdgvVCL8zn0ZHOtA8wbnSWxZV88j%2Fvexa%7Ctkp%3ABk9SR5T33crHYg,$100.99 to $156.99,Free shipping
66,"Nintendo 64 N64 Console Bundle System You Choose! 1-4 Controllers Refurbished
Opens in a new window or tab",https://www.ebay.com/itm/334943387647?hash=item4dfc2e7fff:g:RUkAAOSwy7tk3lpT&amdata=enc%3AAQAIAAAA4Bf49kVMfenlO6kNqrchuYqw7jWVfSuugWUr6f7P0Pt2RtX90KNSpHw49pWoabmuxROEM3rVJXeUPiYKiyxcHwQbnbfPIXhcLq%2F%2FW0wWe8zOLSGKB0kw65Ek0v448G3KII1cCmtPZeaQw5UNioOTaFs6y68uhzQW1%2BkOYOiGy8U7UwG9p76L7XBx95LajMu4fhAJWoCFB6jZ0QlYNZdVzM0uHeMPessgZw%2BO2TMB%2BAU7syT4IPrIhZkZSAz%2FzhsJlSysosPCydY7kPXohgMXJ3VEpQxQ0NiD0AD5vJcC5ElD%7Ctkp%3ABk9SR5T33crHYg,$129.19 to $208.99,Free shipping
67,"5.1"" 8GB 128Bit Portable Handheld Game Console Video Game 10000 Games Built in
Opens in a new window or tab",https://www.ebay.com/itm/125115723419?hash=item1d217a6e9b:g:-FkAAOSwRqxdnp35&amdata=enc%3AAQAIAAAA4P%2FYLkb6YTHUh213FFePxMaaCd1ZoQhmlumseEHYGTkmsqn5%2FC5uadMghGgbo%2B12qtxOahyUmw4rt991SgacgGMjeFk3n6adlbFvQ8FGgMhJicpCH551szuvUnWqpghtNShrpvS7HiSY4qP%2Fp34w14BJSfhG46xeXCfUxRY4QII2LAQ57bbxFLZTYBu4Zbw0hrXa%2FN54bG%2BeWx6ZNL8FU%2FFGH%2BFo3uohWmcmUT6K9W7HtlL8sQVrFo0VYQXgvGdrn%2Fnp4o935Qxyy2oasSYXZ208LrFE7cyWaj2Rn%2Fe6seMs%7Ctkp%3ABFBMlPfdysdi,$39.59,Free shipping
68,"Nintendo DSi Console (Japan Menu, Plays USA Game), SHIPPED FROM USA, Tested
Opens in a new window or tab",https://www.ebay.com/itm/154838858745?hash=item240d1d7bf9:g:U1EAAOSwkbJiBIpi&amdata=enc%3AAQAIAAAA4InfRIFYO%2B87psHLCHXWiYDGZGZQgXhHZ8R68OBuERHUWZnrpVq8ApOu9PG25TnifSmqQ1WNz3JKujtkT7j29JcZ%2FBUvgEJePl81BZet%2FqlS9v9kHA3bIWiFZICJ9IuqaVjpRvcc0m%2Bw89e5HRt3RFWYj5XcAQtVKRtqUgCM4079L%2FywrOxXEOkWwMdlX%2Br0pGygiohkQs2zmapV7pOuIFgBxgEKzKAn%2ByjR%2FDMc7SQ0ka70T37VU%2FL4zarKhBhZEpMifLpPR1FpH%2B5gVKV%2FyO22A4Axlfb98J%2FXAdeiwk4M%7Ctkp%3ABFBMlPfdysdi,$42.99 to $55.99,+$17.05 shipping
69,"Microsoft Xbox 360 Console Bundle W/ Controller & Games ~ TESTED + CLEANED
Opens in a new window or tab",https://www.ebay.com/itm/285334943933?hash=item426f49b8bd:g:9p8AAOSwIatkjPdg&amdata=enc%3AAQAIAAAAwOXa%2FaksZAoWRctQt%2FMoZviOxrTC%2B0klDzOazfM4Vdy8sebtCLbjlgJ%2BCF%2F0zjkPs4p3Qo%2FOlr0f5y1KUv4RSjxEzWFesGd%2Bzpe9LUIC4O0mE2VK17Ez6R2Lpu80VwkLCvoMTKSggEsb4pTTybdeqPF5TJHjsIO3VOej9hnxFwWG5dHxRmr%2FIDOFJD1ukd1es3viCQ4QR7aeb%2FlLe%2FcYY1jAHZ3JboJOX8pUMYAFtjrI5gVZPE5kU7UWQn5lHisM0w%3D%3D%7Ctkp%3ABk9SR5T33crHYg,$139.95,Free shipping
70,"Authentic GameBoy Color IPS Backlit Handheld GBC Systems ""Pick your color""
Opens in a new window or tab",https://www.ebay.com/itm/144237640710?hash=item21953bbc06:g:Ek4AAOSwUDBj5RvO&amdata=enc%3AAQAIAAAAwNR5WcRemv3zaHAql6R5npom1fazLQ2x6h2G18IH4ycdCfjwoUU%2BRn1%2BJb8R2eDcdOrFxzY%2FV0yeZoeGLcy8%2FCiU45jUA9wjW1qQwPXFUq%2BsMRjG2OOKaBHqCV33EoswrGDx3RVa4HJTCQ3dnOJuL1WmQQnPGwO469bgsKiFm7nLxV1l5RwZN0j2%2FMNF%2FlmKO84ZtNUa8rqkIFwHJDGyTeO3rjVgAXNssw%2BX90YwTwMU7gmE6UkUZaJrqwKh57eJfA%3D%3D%7Ctkp%3ABk9SR5T33crHYg,$91.99 to $164.99,Free shipping
71,"Sony PlayStation2 PS2 black SCPH-30000 Console controller Cable Working NTSC-J
Opens in a new window or tab",https://www.ebay.com/itm/155005275376?hash=item241708ccf0:g:3bAAAOSwAiRiiap4&amdata=enc%3AAQAIAAAA4OD5Q273wFwfsv6pG9xwB1x%2FlqMsx3m424NsmpCl%2FPGSI0bLkL7bvoPSkDHC%2BVFJii14EkP%2Fyoz5BoIGpMjGWuywKRSd9%2BSe2N5HRCH3h2UYM%2FOMkquoMghhViCQ8qnfXsMWza6d1icrLbl59fHaBiLwz3iC4xt17bhv2WdCgqDI8J7G6dIVjVMP5u%2FP4Wt5Y0M%2FEiugnJ0ovs%2Bsf%2BVzjQ7evFj9MQaFFSWH9oiSKQAhYmVVGUE36l9xed9GLGZXR5uuu8NsyDUN0pyrScoPIS%2FT%2BX1W2lYkxRWEIuOBbR5m%7Ctkp%3ABk9SR5T33crHYg,$79.97,Free shipping
72,"Retro 8-Bit Mini Game Video Built-In Games Classic Edition 621 Game Console USA
Opens in a new window or tab",https://www.ebay.com/itm/155630218665?hash=item243c48ada9:g:VlEAAOSwyolkLI4V&amdata=enc%3AAQAIAAAAwEjH9NJDJ4rolTnQ3btjzyp4e616jrV%2BZNcOJhnEzpz1jpast6tfy8Qjs8riA75hakCFYY6FMlmqnPpie6TSYY33vRQWme76nNAIEK%2BGIzViGDbNSIyGaz3EUOaT0AYv%2BSrFOuM2QA59KPJYhT2Xa1GkjMgQwBpjzvoukIDs3NsIUIWA4DPAftEpR%2B97Z%2B8djhEa26uZKy%2FHZ3k%2BY1g6lEioTrNlGdXxYihSQoXVCIuYyL37vJzHfZc2e%2BfFGLbdmw%3D%3D%7Ctkp%3ABk9SR5T33crHYg,$24.57,Free shipping
73,"SONY PLAYSTATION 2 PS2 FAT OR SLIM CONSOLE LOT BUNDLE WITH 7 GAMES
Opens in a new window or tab",https://www.ebay.com/itm/254252643327?hash=item3b32a373ff:g:V3oAAOSw9C5cbI3n&amdata=enc%3AAQAIAAAA4DfuXDkluM1K71ZftHvSy0fyUUSFAlZB%2BuCN7we94TJrJr3aceW1kbfDr%2FzjzEMD9sL08W3%2FRaIqVby1Zoxsr0KreIQf8NgGkfS1HOU8A5tRw%2F%2BpIq27YhA2lHSTaNT3uCD%2BLT3Mxj3Ubf6nUvYX91o%2B3kUc4VtJPIF4Gk3PmiwzjHCRhE5WFipXZbUjFt3fno5zIFomC8caoH0Ly2BBoZLErKJnUpkmNIssw3xkH8PFe8kUPwha9GGT7dFcSfBO9hEfCoA8YOhhgFlhsooC9pTSzf8u%2FeCpX1Gn%2FX1q4Zbl%7Ctkp%3ABk9SR5T33crHYg,$132.99,+$41.60 shipping
74,"OEM Sony PS2 SLIM Video Game System Gaming Bundle Console Set Playstation-2 Mini
Opens in a new window or tab",https://www.ebay.com/itm/363925348696?epid=691232860&hash=item54bba42158:g:aEcAAOSwVpthYIt6&amdata=enc%3AAQAIAAAAwM4TJ9u4mg4EHdcxaSlKsdsv06rrE0ruUM229thO%2Bfa%2Fcr0iJ5hGXs2DNO5EveGcDYoF5qR4vJQ4lJsRUePAL5f%2Br0ndxsA0FLfP96p8hurKOmJf%2Fk8%2FzgrzH7EWP%2BWDb%2FJPFrVYVkkquRAnEzEYtCvqe2pCkK00TQGVd%2F%2B9jRX2v%2BL3hSbJ3KDqnMdeW2Lo6%2FvL1WBMCwTjZzU2hFpJu0CzaztZVCtyc97Eh8zlHROD02G9GRCe1t4Hd81qThaaog%3D%3D%7Ctkp%3ABk9SR5T33crHYg,$180.45,Free shipping
75,"NEW LISTINGNintendo Wii Black Console W/ 2 Controllers Nunchucks LEGO Star Wars Bundle
Opens in a new window or tab",https://www.ebay.com/itm/374905129719?hash=item574a164af7:g:-ikAAOSwhh1k7JqH&amdata=enc%3AAQAIAAAA4F%2B2tIXFwrX3%2BT59hW8FHHjxc1cSTDGt3qz9H9IlVC7vNsVvUmDJ1x%2FZU1%2F0wu%2FeWuk8rOvp6PDCUqTPBaoLMM9oG4UWnW%2Bt1aheWukHeDxpIRakNrqoE2QdcT4lH43AVXZqjv2ZuKFjJWDqNO8cmsK%2FkcHH72hU0Ag56jUWKSU%2FH%2FA%2By3azkNK88%2FyTQU5%2BF1b2esVosYYYuwLL%2BZ4ais9yxy7bvdwBRqiEgnBKqKyZShCTcJV7l3jSUOhPVTSkNehYOUMIvlS0kKDMnhRzwTvLUCbwS9xRvsHqd0QGBCJC%7Ctkp%3ABFBMlvfdysdi,$99.99,Free shipping
76,"Nintendo 64 N64 Black console Choice OEM controllers Used REGION FREE
Opens in a new window or tab",https://www.ebay.com/itm/134494342423?hash=item1f507ccd17:g:QIkAAOSwTmpkOtBH&amdata=enc%3AAQAIAAAA4AzGfbejr8Y0r1iRT1%2F7bKF515%2FpdDNWYmxitM9owZ2XGxm0rQTUI7QSdXNByDyNLNBqjsFr5oB3Pmwh72C%2BX4IjcOAeX4G77PHXIAEB6s7u0%2Fe999cUBvjl%2Fr6shNWNSslmYM7pOeXqSYwJq0NaHFgxLtlmOgA8p%2FqoEnhY3yspfJ0mnfydAmbfXdUi0XNGulR0qgjlHxElbJh05b1fpjntfus%2FfTSCTeMVGWlXc8Q%2F0Y69Gm7kmE00o%2FE%2BCqKrPU4%2FRJSY7ao%2BhlBXlctcP9Xc1lWo29ZplckxZd51jeON%7Ctkp%3ABFBMlvfdysdi,$58.77 to $157.99,Free shipping
77,"Nintendo DSi Console White Japanese Menu Region Free Import USB Charger & Stylus
Opens in a new window or tab",https://www.ebay.com/itm/166288645535?hash=item26b7935d9f:g:E9wAAOSw4vRkzYAp&amdata=enc%3AAQAIAAAAwFE%2BWUQif4vV2SXacFlFDV%2BCv2PXcoPnGd1ksGlo0MRz%2Bd6xv8RpgdlwaTyK90zlPS9jrqYOu11%2FFfbUqUa6kpBuFK4dQl20gFMExMPBgH%2FsRo2DYlU1lDh0%2BjuXIUKJKMx4w0I7oHR3ZacYNsK4NThEveA3%2BDEkiNx%2BEPtMMvcE2Uncyyip2apQ5kRk%2FZac1v%2F4br1RcONAAod7%2FBwpM5QubkWtzvSUoRw1qr66pukMpSOHTgAjGmaUh5CD0qHV4Q%3D%3D%7Ctkp%3ABk9SR5b33crHYg,$31.99,+$9.49 shipping
78,"Nintendo Wii Console Complete System Bundle, Mario Kart & Wii Sports Available.
Opens in a new window or tab",https://www.ebay.com/itm/394419374487?hash=item5bd53a0997:g:HMkAAOSwH5pku-qq&amdata=enc%3AAQAIAAAA4Jy3tbUuuSoafvdpGhQFD8aGUmca2zj4dRvei2OtctoKEoW2m8Lgw8TYit8xIBW1M6u5HqLazj1TinBtMBJcUfeCk3sUyH0AlRbRmjBxd4%2BRBL%2BYnxE1dcZ5q9IQIt1ahUT7iJtV0qJP51H56%2BVJxpV0IvpHgK%2FGA7nP3cK9RiXhP17POCZnats43QkbqbcxlpvlrYI9XGXI%2FiCm4c%2B3gBgJ8FKmMTqAjhMambI8IB7vIQIVD1FoQulr%2B27lOKNgzOXYFQagq0utkcwvv5GztUNrTbnOfD%2BALbmsaUsOrqOH%7Ctkp%3ABk9SR5b33crHYg,$19.95 to $169.95,Free shipping
79,"NEW LISTING32GB USA Nintendo 3DS Red Console Tested Working and Stylus Included I11
Opens in a new window or tab",https://www.ebay.com/itm/276019356818?hash=item4044092492:g:6sAAAOSwEttk7LSk&amdata=enc%3AAQAIAAAAwGscFPcs%2FbBj8GEo7avc1VoD6bg4IyVyySpmHNBnZ5J3Y9EqH5Omt5YPjQ0O7R2vx1%2Bf%2BnyH89kpXRMDkFyRGV4BZC%2BI06ul4SBpzpHHb7jn%2FOxBNIpy6eJETbuC7FeIWpRCRflyArqTTkUEwGjjL%2FVCOqS%2B2Jp8JE186CoH0fSsC%2FPfU3HnlXSSqVguXp%2F%2BwGUN7zxXn3ktjqOZRZ71NQo%2BN49C2zecWNdPNaa4WPSrncdiXubeapgpeWvL5ewXBw%3D%3D%7Ctkp%3ABk9SR5b33crHYg,$95.00,Free shipping
80,"4.7"" 8GB Portable Handheld Video Game Console Player Games Built in
Opens in a new window or tab",https://www.ebay.com/itm/125915592918?hash=item1d512778d6:g:6WgAAOSwieBkUVNc&amdata=enc%3AAQAIAAAAwIqRvGMyWgOeKxKI4B94f08OQjt%2BsciOuiXJb99prLVR%2FObvKJf5hHLTvDcBN6x%2FtA9P6b9RpCxs3Le2ppVLnbgPIrUoX1%2F950T0wxR84VI57wJYcTLlHNvhrH7pQo5hNtaYhGcYQfZRme1mdhmhf8lhpOEgiMfXZRGvxAew6JvS%2F73UkX5lDPQ9kgHFS72Z3P0kvBSKu7krwBX7a2TSkbQOuIIChzpLPzNEmrKxKgoj7roYagocNAh6ihcMeCvL5g%3D%3D%7Ctkp%3ABk9SR5b33crHYg,$34.99,Free shipping
81,"Xbox Series X
Opens in a new window or tab",https://www.ebay.com/itm/265900323480?epid=14040988378&hash=item3de8e4f298:g:3CgAAOSwGkNjLhSD&amdata=enc%3AAQAIAAAA4BZAPSgxAtwMRWsHBk%2B0P8Og%2FFfv8JNj0NKUWCJ9xw9QJpFJtME%2FhYwMFdU52duZG69cr%2Fif5nZxvH7RR9PQFS3GL7JPkzUNtaCbByQTvgeI%2BlFZfd8MVU2rUzHsMn2EOyb9rFEo8Kg7JMMidyYkM1gao3js5doV6zAojNl16DC%2FN%2BL4Haqn%2Fxk5nXjrMz8nFEjq15dM96NvLfy2IVaZufwmvROaWVwQzfE3FTNjKXoIdfKoErh34GhkhnDDpjptGWvw0HQvQ3rH%2FchsPGxBZEu313%2BcJe8x2cqR2Fbei8Oc%7Ctkp%3ABk9SR5b33crHYg,$499.99,Free shipping
82,"Nintendo Switch Lite Various colors Used Very good Fast Console box Japan U99-z
Opens in a new window or tab",https://www.ebay.com/itm/403467836475?epid=2305954626&hash=item5df08e9c3b:g:fc8AAOSwJ59iNeSl&amdata=enc%3AAQAIAAAAwGepoJQukelDb%2FoLM%2Bs9xoA0rZnJoVrmKH5%2FCHU9WFCsrF4wuzehop0CuFl%2BsWQmBYrUd%2BfzwaWBVQvMxJRE5Rn%2BjHyluwS4Z%2B0vp%2FLUYTwjczMedD9YBy9dwbqs9DeieMq3pun4rQiRmRRLEazxBZHlxHnzoOTlS1pcXeA1KaoKCjwAkmC%2Fc4CuI%2Fje%2BMtE2W%2FLQs9wTANKSxKRKaQGYm%2FeSENANC2mkdY57%2FXDMrGrRYM5%2B0pp6yOPQ8AvnlPTuQ%3D%3D%7Ctkp%3ABk9SR5b33crHYg,$130.00 to $150.00,Free shipping
83,"Super Nintendo SNES System Console With 2 Controllers
Opens in a new window or tab",https://www.ebay.com/itm/295529268931?epid=110615432&hash=item44ceeac6c3:g:nIIAAOSwQt9jvf9W&amdata=enc%3AAQAIAAAAwIyIfnxoHojJy6KznYkD%2Fptz%2FHr6uF%2Fjcy6eTEemlORKWiPQRF0fHX8E62pPgohWDZaW33DDD%2B2zUbr62ljlsip8kqG75sLTJI%2BFWL8Kll5XxhiXqp86tAxg%2Bza9Tl7yXbJg9CnjS%2FyINUoX5R3zy%2BPbS85haJUprjnj7wepeXqWLSTIdi6JdmMRY8N4qLfWfNKEmhsKn21CY1eNvKCly%2BRP23U3Olc%2BlR6Vc%2B1JpZ4HxI687dCaKrTu0qx5T188Jw%3D%3D%7Ctkp%3ABk9SR5b33crHYg,$136.95,Free shipping
84,"Nintendo 3DS / 3DS XL LL Region Free Console Bundle Please select color
Opens in a new window or tab",https://www.ebay.com/itm/404080451042?hash=item5e15125de2:g:DiQAAOSw97hjrZ4D&amdata=enc%3AAQAIAAAA4Daic%2BjcVzWyVannGRHHT6Zt%2F6kaYyfR8qYroczaYypAHduZpi8PjpzSC5WAa77sX7x5l5%2FB9StJKuqbJ%2BiqMbiwDP8O2JL4FUs0CQE%2BheCmvhdDfYNAuVbTtxCwDxYXyuyNoN4IPsN4PY%2B4CJMTnBEQipHYmn9zevb7rcDUjIprF5KhvNrxP3RfJA20xsKvMByzufU%2FsAzvwcve8KaC2eIflfuHOdzIfT9KwI0krJ7NIV6L0LDT8Zzf5KLfFdqt4TZpT24%2BAGiP9dRMag2gyT7zmK5OpMpqeWlc9F3NTR4w%7Ctkp%3ABk9SR5b33crHYg,$94.99 to $164.99,Free shipping
85,"PSP 3000 Radiant Red Console Charger Battery Playstation Portable Sony
Opens in a new window or tab",https://www.ebay.com/itm/374740501159?hash=item57404642a7:g:MjgAAOSw-ABkf0YJ&amdata=enc%3AAQAIAAAA4Gc23DWttwlsyYWKbBTKsyVlLsTB%2Bo2lphUWesXpHrjK9k5kEOATDh1b4ViJxI743y7i7OAQVleOlMnC%2Bvp6Xlr4RPZ55D63vnX1hQS675Gn3%2FdeoycpVQ2Q34ZVil1hmosRPnx5mdQovs8Zqfej6uXwJmdwrmepmX5M9QCjSffAhDqclxXQ9f7jGcB9sQVKfRArsvs%2ByWDTEchT%2BdAs52CmNI0lkiwcggCaRk4%2Bv9c%2BA9Xif97mgUgTCumYpdWmJEpM%2FdYrC97nbqYBx4ShYJKN7EPP%2FUHx3MJIiT6%2BHrjg%7Ctkp%3ABk9SR5b33crHYg,$78.00,Free shipping
86,"HDMI 4K TV Game Stick Console Built in 64GB 20000+Retro Games+2 Wireless Gamepad
Opens in a new window or tab",https://www.ebay.com/itm/225499155111?hash=item3480cc0aa7:g:up0AAOSwmCVkIqz9&amdata=enc%3AAQAIAAAAwCEwRSr0%2BUtcF2yVjr48v5dmDOuVVx0LUxT7L1RwZAHc%2BGxgaJoEc9t1AwqSxpA%2B6CALHqvYybKUBto3h%2BOa7Oui1Hch8zGKxMuPpkkzScs7S3bJSwfRRCxTGHjGABMoJtriIQ3G5pARGBGkYRxb6Bj6j4Eaxm8linLEsrRbMKdV%2FRiILRzpp797XFJoRSCvMcr499D3SZFS1whi%2BV2xODqC1yjozOP7BiXDGYVY%2B0jGM022H9k0mIeuk%2FSm4hmXJQ%3D%3D%7Ctkp%3ABk9SR5b33crHYg,$31.90 to $34.99,Free shipping
87,"Miyoo Mini Plus Samsung 128GB Card ONLY - OnionOS & Tiny Best Set - Cheats [Vid]
Opens in a new window or tab",https://www.ebay.com/itm/225704058611?hash=item348d029ef3:g:F9oAAOSwtqxk6EXS&amdata=enc%3AAQAIAAAA4ClIpvnQvaiQrz5i0oQPgN4VgiQiV2zr5Nn8EOrDsY8LpLe50Fqt%2BqrcidkKdnSCGYtfnFTWwogWJc4SGzM9GPM4FyuIt%2BhVpaz4yavZbzQkeN%2FzF5YHS9G%2BnDv7jI%2FPXbWxGt0ekail62YS0z%2BNao5HxTqR09aJ1U1DZYnbOFsyN84ls%2BO2zRddWxKWVscapFekxwFC1atJyH3QiLH%2BXmvDK%2BhhlkjyV%2BlHeuveAYAuVPW8ClgOFhPvRjWO2B86RfAUbFDegFVwK6gq8Gpi2%2Br4WQWPGZOskFUHEqxxfo55%7Ctkp%3ABk9SR5b33crHYg,$44.95,Free shipping
88,"PS Vita PCH-2000 Console PSV Slim Console/Cable&Case(free gift) Used Rank A/B
Opens in a new window or tab",https://www.ebay.com/itm/353991719793?hash=item526b8cfb71:g:licAAOSwEeJkm8el&amdata=enc%3AAQAIAAAA4JwCJiCEALw4DQy2BMkZfk79Wl8jnwZOF1hJrb8%2FZH%2B0XWrqS89hPuC5Sk2aSf9xbfiFTDnceSDbSF9%2FxbVVDB%2Batmj2SI1Ty513F4k4JYLFRlfKLeCWfvLQdeKFYejdqkQcAxm83VOIeMCZcUiAZxaR97k%2B%2BYYJgWW%2FDoOZf9lsCa862IOeAVxyBtMTI42VlpT5GHxizV77zPJmEte5wHpHBTnXmuuS0ZBM8JQFUM9wrC2FyjdrZbXLJFW50mGAol6Uwy153vBvk0iJXQfwua2eu%2Fm2Zt2X21K4UsN0tkTd%7Ctkp%3ABk9SR5j33crHYg,$119.80 to $299.80,Free shipping
89,"Sony PlayStation 3 Console PS3 Super Slim Blue Bundle Controller & Cords Tested
Opens in a new window or tab",https://www.ebay.com/itm/225365605921?hash=item3478d63e21:g:arkAAOSwXw1jvlPw&amdata=enc%3AAQAIAAAAwA7xpvrOFWoTt0kAajRAeqAweh%2FYfyFwnpMJ26VfAQKygF2QQEdTx7%2BlUfTq587VnMThm3jYw4T8bnIYzJlgHykEy4tJTrMKpr%2FdFyPmKR%2FYYVAQp4Jse2QGDCdkhpLElRQCf9%2BeOr91JvlYm77DQldm0W7GFmOFUuWNwUksrEnkXuY9Ni%2FSeRuJRXZV4JkshGc%2BvflKJKqqSOTeiUaOQ7wIchYJ2xeHjG2VookBSr6ADuB4V%2FH8zxK3iJLoH20oTw%3D%3D%7Ctkp%3ABk9SR5j33crHYg,$124.95,Free shipping
90,"NEW LISTINGNintendo 2DS Blue Handheld Console
Opens in a new window or tab",https://www.ebay.com/itm/386057907198?hash=item59e2d82bfe:g:Dl0AAOSwnQ1k6~md&amdata=enc%3AAQAIAAAA4KCVy4Yjg%2BuZdf5Nj3tElP%2Ba6M0YOVpg6kPrKd9Y%2Bi28qZYqMkP9j%2FUI0mzQJA32qcfliBGci8JTJIPJufTHhIU9LV%2Bw79uTuvk9DOxhHJP029piriL%2FLFRxq5bu0UvA4xCOUakfm7MI0cGNEEfOohjh8SWUBl3LXG0bqTl4EIZhiuVkQHM7KTnKKp08rJ9v9KQKwBlQT4Vt0AQXRgLglEaGZ%2BVgjc%2B6%2B4tkVUXgvYzSTeJ6k5q2zyxrXIonImJVGXXX%2F7a6zy3dLB5oROuYN3LzVzmSGhKC97ICMpjpcemu%7Ctkp%3ABk9SR5j33crHYg,$54.85,+$4.85 shipping
91,"PS Vita PCH-2000 Sony Playstation Accessory complete Console Used (Excellent)
Opens in a new window or tab",https://www.ebay.com/itm/394111931672?hash=item5bc2e6d518:g:IVwAAOSwrvhiBgHc&amdata=enc%3AAQAIAAAA4EmYkcY8OKKPttBK%2BiS5quIWPixdISM%2FObhX3vSIdMHiDcRDrP5LJZ8N28X3sfqA8LOAVFzUfuNP%2BY99xRW43vu8PMZUHs1LRcF81cIxs8rYPKhbddeBFuhSs7VbJTQyPzQwLbTMgJfvm0Qe6Gb0OjbI3gIUGe%2F8YO0eY4k4R9QPcfi7jbmcdxd6l7FzCb2d8IPwWdvr%2BZv%2FHJsvJK8WIe8Ac9lPeA5IiWAyIMjYOzfeEr%2BmardmLuQHgw1jEMBffysWJBj0HEyuuIZhFx9U95aNZS5jE70PnrUfkOYqydaE%7Ctkp%3ABk9SR5j33crHYg,$154.99 to $329.99,Free shipping
92,"Nintendo 2DS Handheld System - White & Red Sold As Is FTR-001
Opens in a new window or tab",https://www.ebay.com/itm/234655185125?hash=item36a289f8e5:g:av4AAOSwDpFi9Ep6&amdata=enc%3AAQAIAAAAwA56I1bBK9RpTkfq0XeE21o6tgwQJFWMD2odWpgjwLlz5s9Yy3iIAsR3Rf%2FfnRCaH0csYo3fnj0hr6MpsgQmT7j50m3CMF%2F0grFLC1SuPKRbghz3ECM70HlSKlk3aVgdO2fDVaf8P9PmJzYEcLwWlVhc7HWCkaMR5RksFIrKon7MfcsHe4%2F1RiGo%2Bc%2Fbe%2FLIOHnjK1MoCQnjU3SgJQ4STBD1XBl8XD%2FvT43aRmwXTvqrFG1inc8mL4auSNvy6eYBWQ%3D%3D%7Ctkp%3ABk9SR5j33crHYg,$34.07,Free shipping
93,"Authentic Gameboy Pocket IPS Backlit GBP Handheld Gameboy DMG ""Pick Your Color""
Opens in a new window or tab",https://www.ebay.com/itm/145252746281?hash=item21d1bd0429:g:Q4YAAOSw3ndk4PJP&amdata=enc%3AAQAIAAAA4Hrpsl8d20TuQOC0I0TvjnL1%2BfTswzUvjDa%2FA1jznyBVCtmHgu8LMd%2F7FAXKb6NQpWA0xWg2vycbrggzE2jcHULXvhAoV4ZB%2F4GDkN0EhCGD02s5xeFTETQ%2F83XkXKSYsk%2F3RXKmqYscIN5IF8Cm5xXp66TRb6%2Bem%2BCQSBbn4dAROBpxnM5Mp%2BZ4f9si8NCfwHKlc1kmJaAtXgdceycPCIZOQQMC%2BRgql%2Fkgq1FWg8%2BsZ4wlCQP6qJc%2Fcu5xdS5VUMjo1St40CX42%2FkEg30FcvyLygQdgn%2BYp%2F4FTzDCRU0O%7Ctkp%3ABFBMmPfdysdi,$77.99 to $84.99,Free shipping
94,"Nintendo GameCube DOL-001 Gaming System Console 2 Controller Bundle Black GCN
Opens in a new window or tab",https://www.ebay.com/itm/333662690187?hash=item4dafd89b8b:g:I1QAAOSwZXFfGG0T&amdata=enc%3AAQAIAAAA4A15bQymps4HIOjded8YfkUg8k9dJufcF2Z0M%2BObvvZ93oVtSJbw9B4twiQmlmcSxf%2Fv8hAVBtkg%2F%2Fy1J3CDWlFYe0ZhuJCKAJIZupbR665zeSEPdV6gzNx0HommhBKI7ky7Ym911WaeRTQGpfk0Fwwb0aReraioMC29Tx%2B7UdPRmw%2F9HfJ%2F2uYO%2BlnQZ4Vxdj96Hrv26IJDOgSwxtMRD%2FavC%2BI4kG0OxB64LZ6QyMbTGu%2FUX6DyRuJ%2FVMSG4jAiMRMUtSSsDt04kMEwMXTtrezend7s4RchFezuU1SDXXpl%7Ctkp%3ABFBMmPfdysdi,$151.99,Free shipping
95,"NES/Nintendo System Original Console w Super Mario 1 2 3! 100% TESTED! COMPLETE!
Opens in a new window or tab",https://www.ebay.com/itm/304380066590?epid=101801921&hash=item46de773b1e:g:UVMAAOSwFxZiH4Vj&amdata=enc%3AAQAIAAAA4JMbyImK5BvWNf3aj2TBXrzioW8HLpG5xLhI1%2FwApXbtbnXUI6H%2F8urC7bbkWjYl7aVGlbzcoKXK2R7FNTBu7B%2Bcy5aX7CGkomHP3%2BsDRBP8HLqdfIJevpXc4XrLjoTwZIH3dooMBB4kNzzZHY9hemeKFb38AMX1sui6dewzNOIfisWmZxLsLmGrwblNEQhplRuzBGizNsHvK0hWX3%2Bfrn73OHLNE2DZ46AuukYCX3%2FBtAgIDxywn3N1Lyc71qVXntOooY0o5H4187k%2BPRIRK%2FgAxjFmd7KULjC2Mf9L%2BNfg%7Ctkp%3ABFBMmNzeysdi,$249.95,+$14.99 shipping
96,"NEW LISTINGnintendo dsi pink
Opens in a new window or tab",https://www.ebay.com/itm/225749071074?hash=item348fb174e2:g:N00AAOSwhe5k7IZa&amdata=enc%3AAQAIAAAA4F9d5V5V37DUolJrmAE%2F5re7G8b%2BP4Vcq0qv%2BK78fcKDTtdCMa2wo3ogCLR%2FaCvh0xccXKMMK2DBqmuCL%2Fc49RSbzwa%2BImhZsvXuclXAN%2BenVcdCcvjl4%2FrzpNOlME1PLy0J7d9ozY%2Fbe%2F6xiywWzQ5TKOBx412BdmwUWDpHr6hBFamSountLjIG9vQnzJ1JQCnGoLgw2MrwKPk4bhAQFVfmg2M4M%2BkMUt32mnWeiPLuQ2LmqP%2BJUSdx2UiyU1tBKI5rRZ9%2BaHKFaJEeMJ9VKJWSVO3z39hAzSfl7pfZY%2FmC%7Ctkp%3ABFBMmNzeysdi,$30.00,+$8.55 shipping
97,"Nintendo Wii Console / HDMI Compatible / NEW Motion Plus Controllers / Mario+
Opens in a new window or tab",https://www.ebay.com/itm/334927300167?hash=item4dfb390647:g:czQAAOSwYm1kmj30&amdata=enc%3AAQAIAAAA4MhTTG9CSydB5Q8pYh563TemuW3DKml8vrzQfrMOASD4TXM5bsjcizFsFiwqpbRGxbuadU3ZPJKRJu%2FmUkdjjTgAcBN7DsZGJAAHH5DqHM1BvNifUconLb15DEIAp5htJmLfrNz%2FogzuxfQrbsCbYmwZSDASZYXrqfOg1Yp%2F0pv5rUEVU%2B2p5wZviwZGJJm2RITVxpNXlX2%2FYUFc3zFr%2BQwLq3fQlbcdql5b8KwlGghbbqIOJx66jNzP69FHiw%2BL1eHH%2FmChue22OSeMRnBRMWNX0BT%2BNITvKKvgumIDGrCQ%7Ctkp%3ABFBMmNzeysdi,$96.98 to $209.99,Free shipping
98,"Sony PlayStation 2 Slim Home Console - Black- Tested All Games Work Good
Opens in a new window or tab",https://www.ebay.com/itm/235157383337?epid=1009091143&hash=item36c078e8a9:g:DzkAAOSwU1lks1oC&amdata=enc%3AAQAIAAAA4JcRMEct23fg6dzJnuKeTp3RqXJyna97%2BfAXDxRLjgk9E%2Bix%2FPYWDVDeOjnOETdmfrZucdu60vDA%2F0tRWKn57nccCuX70H9eyse54vlgo8qL35cH3xuFqVJIXxibq5wBXIeIDEUY7QYB32HLQYhBjqSoLBk5uZ0IlLNiWDz%2B6LX%2BNUuLJjP4OtPBgAcgjC87tE0N0hBxfIlseTVYyekGR0RiALQ0lahNLn5elnqT5EwBPS6bzxQ7xvpn4Et1bDT9RmINbjssHvppkgRHDXFubCtgSG5Y%2BEZNqaGgiXrmadEt%7Ctkp%3ABFBMmNzeysdi,$120.00,+$22.15 shipping
99,"Sony PlayStation 2 PS2 Fat Console System Complete Bundle Tested & Working!
Opens in a new window or tab",https://www.ebay.com/itm/134588650911?hash=item1f561bd59f:g:9qUAAOSwNMhge63e&amdata=enc%3AAQAIAAAAwBUY9WdATtd7Mro6fIybahdoQA%2FYN%2BuT9JTshw%2BzC7%2BJ%2FERt2TXzexfToAZS0Fgbk2ogfTOoBk73NH%2FS72e99ISLhcqmnvMYgnaltANZpVGcAziRi5RZLHs5sVrNaFO8dKW%2Bm8jfW7ECxD1NadN2dwJrM9AZaewTD8ZET1QAcGLP4rZkE7HTkEC0nMyDsgZT8PfHYuXtTm9ZSAlFE0O3uwIr7twHb8esuehpnzzRUFbxSB4fFQiVjh13QjOLxmeCKg%3D%3D%7Ctkp%3ABk9SR5jc3srHYg,$114.99,Free shipping
100,"RG35XX Handheld Console with Custom Samsung 128GB Ready to Play - US Seller
Opens in a new window or tab",https://www.ebay.com/itm/314305132467?hash=item492e0bb7b3:g:x9QAAOSwkUNj2Emq&amdata=enc%3AAQAIAAAA4Aw%2B9ytHwOPLpF9rjVo4zNhbeRdVB0E8xzQnVRcHp0YQ9qePi9O%2BZw58Av0ldMvWMV0hTtnCXvCwhkZdSniZ62C7SBAo9WYEqFVwTTiFnuumMCQs8FQMcIXBgqg5PdRyhGEIz8JBTbDi3RduqN%2BMtwrVThm5gf7kxGcJsNfohnJbf4oK%2FPjKiLJ1J22NNepTzpOLWE%2BImlegfqpRc6IpYFLlbiYcDSP%2Bs2pIE6ID2g8mbdWq%2F1xVjKTjuDJyw7rGYF%2BpUb95GPEfu7wlTi0yAigTe9zbWYGgVQYv0IsDFYVz%7Ctkp%3ABk9SR5jc3srHYg,$94.05,Free shipping
101,"NEW LISTING32GB USA eShop Nintendo 3DS Cobalt Blue Console Charger & Stylus Included I10
Opens in a new window or tab",https://www.ebay.com/itm/276019351395?hash=item4044090f63:g:eaQAAOSwKitk7LM9&amdata=enc%3AAQAIAAAAwCp8jSgduhuj%2FYP5X2IGeatfU1xrNX0EiXrWhb%2Fma56IK%2FdZY1sJFr3gnpKc%2FHmsLXL7H5updRXg69CkT2NsaQdrjp7CP4AyaLnnKIBhtvUkzDv0yVPGCsgpby6vj%2FsTJnEWknoUBGD2NRt30QZg51UzvNzKJ%2BgeoeBRlpz%2BqJUIaJxtH69lq%2FFuPZMpXGLZf95hPXzFzoDKTNYOuuE7TjRL32OAXRfSZ3fCXHxKa6hpdKmfX2jttqMliBB%2BZt5a7Q%3D%3D%7Ctkp%3ABk9SR5jc3srHYg,$105.00,Free shipping
102,"Video Game Console Retro 20000+ Games TV Stick 64G 4K HDMI 2 Wireless Controller
Opens in a new window or tab",https://www.ebay.com/itm/195908861415?hash=item2d9d13fde7:g:zIUAAOSwiNVkw4og&amdata=enc%3AAQAIAAAA4JYEFUMRvTHZDY2P0jf6W%2FOT4%2FzY5RWdYYJ0qSYSVJ7hHk8oWrzQCtgr1u%2Bce0LrA%2BVTu5J8i0CACt31b%2Fgdg0mpn%2B%2FJ5EP0QCjx5cB72SMa%2BB7YuGhkgKSPix14A3fnoluQ7d82Wy%2FbH3Xo4nMh%2FfSvQLxKDBW4J7rKGewfeiivWwg3QUrVmeVgld9NKFaJZi6W1JZz7y%2BWf0ZOB1uKAVRL2tNivvotapii2tH9cCZLidXcgLGu4mywx7NwD%2BB3fH8GuwdDpFLXexR6HyVt0n3AElYvB6LcO1iaxfkUwvqU%7Ctkp%3ABk9SR5jc3srHYg,$29.99 to $34.99,Free shipping
103,"ANBERNIC RG353V RG353VS 3.5 inch Handheld Game Console Android Linux OS Gift
Opens in a new window or tab",https://www.ebay.com/itm/314365631876?hash=item4931a6dd84:g:iO4AAOSwqFVkgaXi&amdata=enc%3AAQAIAAAA4KFOjxjhgP8yRROXL9cBzIxQQm7GHlj8vcRflwOejgtHS%2BkUQ9HaeTKZmJjFbTL99WKKm5SkwevdRpCBzc99Q%2FcYlMoQ90zvHde4mb0V%2F9AfUFnoyThECtZsIuBkXyDu3D7xuJvrC4mm8lujSsxdX8XR%2FQEK4NQwmfIiqYNX3wywmBvNbl8SaXSZIPz6yR6kmIknPsuXHFLTtunsQk4b5EzxjdAyTE0CR8Yuvmg%2FTKKZ5CHGcucXoTbgTYQO6FpDwy73abfSBlYVp4J0GG5S198M8QDJ2MOWYNEQFsemJpkU%7Ctkp%3ABk9SR5jc3srHYg,$115.99 to $149.99,Free shipping
104,"Nintendo Switch OLED Model HEG-001 Handheld Console - 64GB - White - VERY GOOD!
Opens in a new window or tab",https://www.ebay.com/itm/325669898295?epid=10048191653&hash=item4bd3704837:g:-vEAAOSwwfhkcFx3&amdata=enc%3AAQAIAAAAwE7gRbUTjL4FvUmhPIDL1UEu8aApwtMC7UNkCEn5HP1c6AeTYwp3KlVoTXunFI03BHK9QnE6ZHjmkwOdPaJxM%2FI6VnttB%2BTPY4kvg1PY1%2BT4G7S8YWf%2FPhsGqcNqxoI%2FXAlploeiNh9vCPfA5dmxEqT5vUUVCek40ojUKzAzvWfwkDnD%2B4RRNQTrDvU5fBGb%2Fs0OdbgVvZcYBL%2BWEFKYWcL7WQUKCdnf3q9u3bY6Jix%2BvLIAehMJLx1hGTBWT%2F3Ohw%3D%3D%7Ctkp%3ABk9SR5jc3srHYg,$289.99,Free shipping
105,"Authentic PlayStation 3 PS3 Slim Console 120GB 160GB 250GB 320GB 500GB US Seller
Opens in a new window or tab",https://www.ebay.com/itm/314324161581?hash=item492f2e142d:g:KDkAAOSwlNtjwkiY&amdata=enc%3AAQAIAAAA4MRS7DIEf3zwIiOP%2FR67HZ2XIZmIsqNgk2NaK%2FTjAcXNBWmjqTP3fHFSovjGz7ha7osmQR3SpN%2FasQcywZ2XhoSOgLIWo1tFvKkMlHEtBY0exu7JhIaaCDNA73psPM5EIYuzk1urDn2idIoY%2B%2BhKi7nlQVPLMM9n38LU6HT8yRuTnmcW6r1s3NMm5o0DYuaDd6E8tFIp4BzeULLZ27IO5MvUM2cj%2Fa%2Bd9sdMSyXwE8pFIh5gGwmyeVldMZtxwlYDDLRslCmKlyE%2B05NhnwzPyLWYCksCm6hCnocoqme8QeDU%7Ctkp%3ABk9SR5jc3srHYg,$149.99 to $199.99,Free shipping
106,"2 WIRELESS CONTROLLERS Sony PS2 Game System Gaming Console PLAYSTATION-2 Black
Opens in a new window or tab",https://www.ebay.com/itm/363925335589?epid=178449998&hash=item54bba3ee25:g:VCUAAOSwK8VhYIvn&amdata=enc%3AAQAIAAAAwHzDkkt2NgizjQ6Ebf9z%2FPUYd5VhcRTe14ldm3bCcJ31osgbfNsuE5694uBplKDaXAmrdlZtj9XAhNbwvSHJMiLy2Nf68hlBtAUlV9yl%2FQ%2BABo5vcSp%2Bs8zcxNOAgNfzsj1f6HlrLjgcFVXuYwkac4K%2BjCaKk66Scq%2F1qI7wQ21VrMuyQpqcHX5iqeeWRenFimuuiSGOOOyrRVsdea3Z1NcuI0STBJYyoVbaCJYORQsMm1TkL%2Fo7MYiL%2BzdII4f%2F7Q%3D%3D%7Ctkp%3ABk9SR5jc3srHYg,$224.95,Free shipping
107,"Nintendo Wii Video Game System RVL-001 Console 2-REMOTE Bundle NEW ACCESSORIES
Opens in a new window or tab",https://www.ebay.com/itm/334234590018?hash=item4dd1ef1b42:g:25sAAOSwm2peCkI6&amdata=enc%3AAQAIAAAA4McUMkYgy79KAwtq2tRgJIEF2BaTLHyXQGcIqTOwY3WwkuaMYJ3jnaPmkGOmuDI%2F0DXOxr9ArwiyAgM5gRjPpuatC3CYpNs4yLJFnOIXLAWq%2B3cK2pUQBAPXNk0Xw8uMZ102zuSrYVL%2Fta9i45BLcLtrpY%2FGeqt1uq6Mt02EmOn6er8IlGAKKbaRAduSegEO%2F0KYwYo17u9ksFoNLR%2BW6VkFqEj94VqGOiLgqERu6Pj00rFhQM3X01MZkZCs%2Fs2ONN9FL62diMUCZuOAuy%2F3Tj0bTqv9E%2BZhcofcCB1xA3To%7Ctkp%3ABFBMmNzeysdi,$123.45,Free shipping
108,"Authentic Wii Console White + Two Remotes + GameCube + 1 Year Warranty + USA
Opens in a new window or tab",https://www.ebay.com/itm/314387633030?epid=223459468&hash=item4932f69386:g:cu4AAOSwe~dj5uGN&amdata=enc%3AAQAIAAAA4L3yT9hstAApRi5wJ%2FVrSbPwvHq5Q5%2FU1hvtPeCJqZt%2FK7KCCT4Lc7GMe4Kr%2BbI0rYtx4s9In9lp39uN9%2BFXlC1EsxLqB5rpQPIiDpZjrByxX6uPd8Ah5Z6l1bY5pP5pUTzkgxF9EL6cC87jA2NmJPdEF8fk8uxfYpkxyGIeAAID5Vqi%2BX4ljAZO6FJyaYIfTg%2Bu6i4wArAu8sZNAjmvNIPHxsW0tTtHwrU7UdbVtqHO4s5m5i9C3qJgSzQBfDBccYBSmQe7fsa%2FcB6AuXfbJbowc7Pi6p5yMNzV4dm5cMM%2F%7Ctkp%3ABFBMmNzeysdi,$119.99,Free shipping
109,"Nintendo Switch UNPATCHED Hac-001 Console Only Very Good Fast Shipping
Opens in a new window or tab",https://www.ebay.com/itm/144952360896?hash=item21bfd57fc0:g:i08AAOSwuhJkVHfB&amdata=enc%3AAQAIAAAAwOQm0oWxqsBZeupe7nj5Fj%2BhF7Ygh15tFRzC6P4%2FEp%2BZ06%2BhHhB8glTh276U6I%2B9UOH2T%2FOadxZWRonXWwaGcdNdkDgm7EniF41qVthbzfJiEHcSbWszc4RIJR7h0XCfQJbMSXQKBzAtyjhrhqLqdxz8yoI%2FrRy0g90jY9yqrgqUGLPg2vEo02kGf87qlWVi1%2FbiyyGjMbtr1Q1RZcH5%2BLviWN%2F3M%2FCRnnS3lt%2FzAsBJbJ7n83emgEKO4wBTxoR2WQ%3D%3D%7Ctkp%3ABk9SR5rc3srHYg,$165.80,Free shipping
110,"Sony PS Vita Aqua Blue PCH-2000 w/Random 3 Games + 8GB Memory Card + USB cable
Opens in a new window or tab",https://www.ebay.com/itm/403871088925?hash=item5e0897c11d:g:A6QAAOSwYyZjF0Yu&amdata=enc%3AAQAIAAAAwC%2FgmRZ3DILbkt%2F35aNav64A92Kyv2f%2FwOJgjaaCVaDE0x8InQtjRtXOWVb6YGijDEGK6zduIbfitPrdzKQRD1K9yPREmNhw4uCmux6aLjKb2TLRePSgFonA4lphCKf9Mso53204GVEUYgn0DoDYodZA2jHAUJg8fowbNRqsLXTaHLYQCtnvs6nMUv2Z35FokfcoFARREIyztHSHpoUDW9J2S81kzUGT%2FpNHbUf8wDe89QDLvesWKt5BSCkDOVbhRQ%3D%3D%7Ctkp%3ABk9SR5rc3srHYg,$143.99,Free shipping
111,"Nintendo Wii Console System Only Pick &Choose Color & Model RVL-001 /101- TESTED
Opens in a new window or tab",https://www.ebay.com/itm/234852012933?hash=item36ae455385:g:HaEAAOSwYHFjupWs&amdata=enc%3AAQAIAAAAwKVYFCoYdMIs%2FW79hye2IziUt8YnSkbk7mtZzoCziPnQDsZPHmebPFMi%2Bc4TFI3ICxx9ckB7L7FRVIzWtYiWn3G%2BDrslO7vCezYGkxWBODP%2BQwWu1BahcuaRbPCfn9AMF5V7tiuTZEypk0E3JTZgyjo3KQ%2FLhki%2Fi%2FXOW7%2FCHql79MKy3Bxv6ZbKStRPEyhn9lSjSHTtrbtLURzEWRdbKzScax0kvnHM2Rt7ZQIwvA4EckFgwTSlOEKbJ9EcDcH94Q%3D%3D%7Ctkp%3ABk9SR5rc3srHYg,$30.59,+$20.00 shipping
112,"Nintendo Wii GameCube Region Free NTSC-U/J and PAL Console White or Black Bundle
Opens in a new window or tab",https://www.ebay.com/itm/404257641195?hash=item5e1fa212eb:g:T5YAAOSw3PdkROWM&amdata=enc%3AAQAIAAAA4HDZ9cKssTg%2BzJSFqYnWx4yoCxJugC%2BJ%2F1BfTaoccrIjdJlw%2B6KujhfKY0jvPQdjxxKsrheFOSYwRrGc%2BjZFJ%2BQGq2U9OLfp%2FFf0Knl81dqPsMUtCkUAh9PiUp%2BLVmEsdkMvoMera6VqShFytwYHVV90%2Bt2dVb%2BOOwG9AtC5SjrAbLizDBRqgmr%2F84HoyBf%2FFKlPC9AqCwdUI%2B4kZFAyVIFXg4JVoPuzp2QF4tri1w9tyXNQgnqL7ajmReqwdEqJSydw1gFaVBsYLiF3IIjqXTT9xXZtjJb%2B3uoAROe842WX%7Ctkp%3ABk9SR5rc3srHYg,$42.99 to $89.99,Free shipping
113,"Official Microsoft Xbox 360 60GB Console & Wires! ~ Works Great! Fast Shipping!
Opens in a new window or tab",https://www.ebay.com/itm/275551889793?hash=item40282c2981:g:4c4AAOSwxexhpmju&amdata=enc%3AAQAIAAAA4CgiGbz8IGBcDVqmvRGMB94kmZriZ2IIhj2%2FZU7vt%2Fs9gsDWF%2FGN7h5sI%2FcLFsZ13be%2FVGCI3YuajbhUK2D9P8SXtZ1bM2oHoJ%2BxKaN6WQ%2FBmBrLQB%2FpRWvX9lrUpIeVvxgFHctE3pfmUaqW2SDNA3xAfB%2BLjviX4FAPsVxPWLqRW4uAggqsQdagsyIbaUW9pRAI%2FEwVZ5sLyhO%2BaveLohNYj9ACvs1fL%2B%2F8HwPSK7RX25fip%2FgD7yXPjM1KIzIzKoMbnHkVfatkebnug20qraVeu2JAEiwHiHPPxCuCx6QO%7Ctkp%3ABk9SR5rc3srHYg,$69.99,+$17.65 shipping
114,"Sony PlayStation PS Vita OLED (PCH-1000) Firmware FW 3.65, 128GB - Ship in 1-DAY
Opens in a new window or tab",https://www.ebay.com/itm/325738089072?hash=item4bd780ca70:g:OM0AAOSwrAxkzC-5&amdata=enc%3AAQAIAAAAwNVPt6W%2BoEkFMbNIakQB3yj2q0C7P7hMDtfFwGHy6%2BCj0C9yAqmlMNtI1IUPHdBxOf2dXiaIArAd6dreJNhjTdHaAaBFKvrU9xdSIrv9iis8SDwYd39BoO%2BTQILwRVIEsVPLkhDDP9naO1894kwUSjY0K3CJGshH%2BwmFf0DhECCnGQKPAZUc9Em7BmVy4Eb2xI4KT16tTweQkM7CHMwnXUJuTpYUrDNYrgjiadZxf2Dj7UZ6Ab28wSRjpx1AIjPWxw%3D%3D%7Ctkp%3ABk9SR5rc3srHYg,$169.95,Free shipping
115,"PS Vita White PCH 2000 ZA12 Console only Playstation PSV Slim [H]
Opens in a new window or tab",https://www.ebay.com/itm/372693492968?hash=item56c64364e8:g:xJAAAOSwsvVeJ043&amdata=enc%3AAQAIAAAAwEaIWQVoyZol0lAtiNa1BGcanZbwdBzZSRNxYvNBBOhrR%2BqGbpZQTQOITBylqToKk%2FsibOcTS1zmPPQlHhLd9fsGLanIwe%2F63nmzWdRsvueNzKegSmW79nUSk%2BMyUCaSkpfVqu2gJX5JGXZ0EM7%2BsOwAT18IenX%2Fze9kw7IkxhL5SE9uoWFeldBe9FpME0XTabIQZo%2FgoLD3gEyFBT80fz0IwB2sCnNOwkkojscr69IFtT8zKWHLGcZ0RyelWWvIHw%3D%3D%7Ctkp%3ABk9SR5rc3srHYg,$110.82,Free shipping
116,"Nintendo Game Boy Advance Console AGB-001 *Choose Your Color* BRAND NEW SHELL!
Opens in a new window or tab",https://www.ebay.com/itm/374560467381?hash=item57358b29b5:g:ErwAAOSwLwVke65s&amdata=enc%3AAQAIAAAAwM2xGmjRCDcamwyyAitZCBK%2FnB0ZhpoZrPqu1IE7wAw%2FyIr8xv20xqPqDa95DbgNjkL1ZdzYcbCUtaD1tlaAIdonIULJJmd5%2B%2FK5tD4w6NgD%2Bt2S6ViFJcbiF3PU86H0cgggpIrbsBT5GnxKVap%2B%2B8xCse2O3PdSUQ19NNNh4cMLSCdRMyQOkk5aEr1R31gVnbEOLQvhid4xnJDIEa7WYFg15lFfg43bFclCTUx01D%2FFYea0qd4ysOZ%2FZvhi5dKn2w%3D%3D%7Ctkp%3ABk9SR5rc3srHYg,$89.99,Free shipping
117,"PS4 PlayStation 4 Sony Original Slim Pro 500GB 1TB 2TB Console Used careful pack
Opens in a new window or tab",https://www.ebay.com/itm/234795224469?hash=item36aae2cd95:g:LpUAAOSwR1VjgN5N&amdata=enc%3AAQAIAAAA4CKRswgE2yLW7Bk3qYwyaNHxwGVyi18JYvSnh17JVk%2FST0dQHNCFFVXDWwMfDyhdJ7JX7Ml7rHhz5V73w4d9iOP9BqwxNC%2BHDTGCuRhA2TLHKQgFMrq1Gflkwr%2Brhj0nZ2TYW9exmXuE%2FfCiVb4osA1jtbFjecELvzkMG0f4KUN1x0kU7e64zakf%2FFiLvYFrz%2FV9DNGcE7Lrc6N9SBxiNgPAYZshro4UjF6AaZZ%2Fgga%2FOlP4pVDzEHEX5RckK5EygAkFGyzSwhTDYZBqW4rVQnB4o19arb%2FoQJsynWc3fWAA%7Ctkp%3ABk9SR5rc3srHYg,$159.99 to $289.99,Free shipping
118,"PS Vita slim PCH-2000 Sony Playstation Console PSP PSV Excellent „Äêfastshipping„Äë
Opens in a new window or tab",https://www.ebay.com/itm/185665061452?hash=item2b3a80024c:g:zFQAAOSw2r1kIoYg&amdata=enc%3AAQAIAAAAwALDYevQgdbeJ%2FZlajw9rTgTG2ixcNKuvOWl9vdbpgz5jkC7hPbHb2159oUjg1r%2BHCaB8a8TkiMU0iPCIGAEvXM7kBlV0woy%2B%2BF%2FJaeg7elbKAn94s1Vp7DkpOzPN%2BpaMbPP40ftc59Odr21fE%2B0H6g211jXsP4%2FJqvZx67hCy3JZ7H6cFVu%2FnUfpya3A0XjO2qUhjxa%2Bm%2FKra%2BdK0EKkGZH%2FZ5BKbcQa3c014KALbw4HD73xEE%2FVAcB9BA6xUFMjA%3D%3D%7Ctkp%3ABk9SR5rc3srHYg,$79.99 to $215.00,Free shipping
119,"NEW LISTINGAtari Flashback 3 Console With 2 Joysticks
Opens in a new window or tab",https://www.ebay.com/itm/175878263849?hash=item28f3295429:g:1cYAAOSw5jxk7LR0&amdata=enc%3AAQAIAAAA4O90GOPouag9zO75nxstJLT5vWDzb7gcNnLzInlzPRIUMfxyz3Bq97HdHZ84%2Fc1JnA8NYaJO7nNRqBZiwXmFOKP6ehDk0fnf%2FetLRysUsRkI9Bjnt%2BHB1YpPPvEeU8LbftiJQNV0yLzDYBDAWqqUeyvb5ORMxeDU4mu1fBysYjzzyVS%2BxT0QFsWJc9n1%2F1rPYNgODfGSj7M3xaFiSb6XsjLVgVZO6lsVQFHztziQv0N4CO5DCEuMBbSBxtLEn3sTojZtRtZWaQOA%2BDio8ddWfNdF3tMsxDeXtDMqk%2F54bFTk%7Ctkp%3ABk9SR5rc3srHYg,$24.99,Free shipping
120,"BLACK EDITION Nintendo Entertainment System NES Video Game Console Bundle Set
Opens in a new window or tab",https://www.ebay.com/itm/403380826690?hash=item5deb5ef242:g:0uUAAOSwv2lhbcfL&amdata=enc%3AAQAIAAAAwKPAPO%2FUMmaAbeT1Z%2FznrwnYT%2FX1tGLESGzk%2F%2F25ecCaOf2dqdC6dnKosnQUOQuLGKji4k8cYsEvIjjRG7NVwRGlW5hZwd%2FOy9RuB2xR%2FW7ti%2BRVl5CHs0Hq8aXpy6gDNygnAhnTiJuTS1RVxgvIHUKlFvTemUnxCMpocowYNHs9kULO7pNxI5fpvFWSX%2FPZU7VfbxehioQvDoeeMMpTb8LYgYsn8LvxXiqgFjRRqN5pgUup1j9tQ18a9UrGdxpv9A%3D%3D%7Ctkp%3ABk9SR5rc3srHYg,$180.45,Free shipping
121,"NEW LISTINGXBOX 360 E RGH3 | Latest Dash | Console ONLY! | 250gb HDD | Cod GAME PRELOADED
Opens in a new window or tab",https://www.ebay.com/itm/266390335978?hash=item3e0619f1ea:g:wwkAAOSwMOxk7D6C&amdata=enc%3AAQAIAAAA4HkcX1EyYPjp852uULvS2mtr5%2FxI0C8Tvy%2F5QrP9hfqQjCHDKoE%2Fr9LoY5wckz2sS5QCPp5WQ6Pap6aJjYbNi0Xrzr45c9ipbds70h4Etr%2FV7awqgRQFDizRMqVXI2QnTn9qESVSq5ZFIcgnVrqFml1zhb%2BiGS43u9%2FiD7Z2Ko%2Fc5FEVD5LFgPlSxMrh0FK%2FT4cbQpyQF0v1V%2BxcxAupaxaw7f5qofqFfGYAYaK0i%2FUJzXShepKXBttuZjPs2RLgyFkRE3JJKCb7%2F7V8MCFDdatv8xEXh50dTXZbNDp%2FQUas%7Ctkp%3ABFBMmtzeysdi,$125.00,Free shipping
122,"Nintendo GameCube silver BOX DOL-001 GC Console tested working japan Game Cube
Opens in a new window or tab",https://www.ebay.com/itm/166133048557?epid=1600515718&hash=item26ae4d24ed:g:U~gAAOSwYv5k7BKw&amdata=enc%3AAQAIAAAA4EqgZv5nTaa5EXVJA9srwTh%2F2ExIKaTHfR4hHZqx7PS3RAsFLp9BE909lZwzB%2Fgp7ywSF8GxiPZ5olHWm4pl7P40jtMOf3F9svZjc%2FcShPHlRITGhfi9Aw9kSVBVdxUIDr6JIfbvq3SkJ4AbA0bdMs4B05C9CbTKnbSP77QnVlMSFycTfPzQJruKD3ZAZPlBFfAzC9jzQ27oFt4%2FvKGV%2FIQLM8rOzgRNt7it8vBrR645csJrZfPZXCBlk8CDsrgo6C%2B3D%2BD8FbHBI6%2BDH2CwqOGoPixLzff08k35Ot%2FQPyYr%7Ctkp%3ABFBMmtzeysdi,$134.99,Free shipping
123,"Authentic Xbox 360 Console + Controller + Cords + Pick Your Bundle, USA Shipping
Opens in a new window or tab",https://www.ebay.com/itm/314070920971?hash=item492015ef0b:g:goUAAOSwfAljC8C7&amdata=enc%3AAQAIAAAA4PVt1He1XZ867nI%2BQuYJ3XmO9KbAMcR8iHC4nlzHACMLnpjRUK496xph%2B8aA%2BkRXijzBPMi6KLMF3Q5iWhefcLhzcSJA2ZwMwPhVmVBsZKn3qb%2FKxg98k2R%2FHbnUDXVXHqy3rOoQdzXM7%2FXpBr4CEZR%2FHUDpHe%2F0eCynGz%2FapUu0X9Kbzpo2d%2B%2FMNclpRhwy%2BaB0RqcZlEN7tym3kKBiOUWMW%2Fee4uyFWUo%2FD2RAIhiOAnz8Tqnfdz8YHdaEu7Y9Ws2NnGtgd9o3ooVxVtOecTX8V%2BJh%2Fon7%2FOOEM04TuCsN%7Ctkp%3ABFBMmtzeysdi,$129.99 to $174.99,Free shipping
124,"Super Nintendo Classic SNES Edition Mini Entertainment System 21 Games Brand NEW
Opens in a new window or tab",https://www.ebay.com/itm/225726847439?epid=238940552&hash=item348e5e59cf:g:634AAOSwfnBkhcI~&amdata=enc%3AAQAIAAAA4Muc4wHNztOJg9N8jbxLg4ZE6ISHnuVzZRqcZ3k%2Fa%2BbFhb7OyVybKlbTI1Q%2BFrWMmFwlEb7EzW4%2FTWEk0bWzXWcKOA2aNVWAVjWn1jnLKP8bxG3wEfUQ%2FMd%2FrpnYbPaq7UtM86dbbzBmMfgYOw0moFFmydVhTOs6GbcsqokaG5UJqfrLKHk%2FVls%2BSkgG2v0ocO6GEB492tIHfZkmYMq%2F0tL8rtfzVrGDOPNmH73idUuFAx8EtInzf6NT4Wctnme52D8pz5lTZciLOXQ45H7pX5ZyVY17axhyIFOproXCJuYo%7Ctkp%3ABFBMnNzeysdi,$139.96,Free shipping
125,"ANBERNIC RG351P Handheld Retro Video Game Console Emulator 2400 Games
Opens in a new window or tab",https://www.ebay.com/itm/314104669283?hash=item492218e463:g:AP8AAOSwfINjTm3q&amdata=enc%3AAQAIAAAA4N3kwvfGfcQ%2BPTdhlJWeKItwdLVdn%2B2VyFU9fs9T9p9B7jOPhaYLGDtwcO6nd4lYyd5Ax2ESxX5EJSYpIGECDAus0P2sxZflfE7Ytq18k%2FyClh9eXHwS4Xzj0KshIK3Z61DlXne%2FMSL02ln%2FZTfo5qYcIMcWxhZw5VuXnIAtIuRHff06SiIMbSXiFpsazYipidYlDUm7RJ5IbxusiwzqR6GhsiDI1v0h2LSyXbt7CWIhjH5%2BDCgDOJOSg5vdMLRoM%2FJBOXn%2FlZznUIIFm3SD6jXHEm%2BFICaJMW5nUHH4G9x3%7Ctkp%3ABk9SR5zc3srHYg,$87.99,Free shipping
126,"PS Vita PCH-1000 PCH-1100 Crystal Black 3G/Wi-Fi Model Console ONLY Excellent+
Opens in a new window or tab",https://www.ebay.com/itm/134429155626?hash=item1f4c9a212a:g:ZPwAAOSwYlNj1kdV&amdata=enc%3AAQAIAAAA4KdnXWzTx1woxJD0Q46d%2BJ%2FLK1LtniVetIG3vkw4vUtayEIzQisAztYXDDDv2Xwh32FXW7BlA68CS6lQf6PXMPV6Z%2BC2ouhW6TJ3%2F083ZIfk%2FewbFH7sLliZfY02ZNeuOAcE%2BC2We%2FwMoUE48ae509tw7OnyVtYVBNJ4neSE83mjQBLmUZWfqKxKkeVfKdvZLSAbQLhZ7bJUO0zrJg1nsnuptDXnJIDlCBwSocC1oNiAcn%2BUX6uiftrl%2F0TI9cw1OlNoYbA4M3k4ZyeRgCUG1DasohjdYRoudNNePI3SptZC%7Ctkp%3ABk9SR5zc3srHYg,$116.99 to $214.99,Free shipping
127,"4K HDMI TV Game Stick Built-in 64GB 10000+ Video Games Console Wireless Gamepad
Opens in a new window or tab",https://www.ebay.com/itm/364241872869?hash=item54ce81e7e5:g:QUQAAOSwkNlkUcFu&amdata=enc%3AAQAIAAAA4PnGIZFPBCHEBtzGE5QAbFfhXTpPA6iXwJ94Fi3wNTOgjp3Buyx4Vrn3LpahgZthZFB6Iin5uOJbIaHe8tuYz90A6foMd1QtVJtpj91XQkfzMXZfRo5%2FmxoACOiVBVPwHFzsIKj6llNiwrxPPkpOenswD7PeVimJ0OpRIw44NH2xg5dMHI0RGlJyNKv4cgeupLunnNwxyYgiEqzcHBQlFuEGRQx5EyVJrnd3gcP4298HnJsFQu3y3i48rHQtY1kXpKpy%2BRBd8NxSQBchwLDi6HSxD1IsS3nqlv2A9p1EhyeI%7Ctkp%3ABk9SR5zc3srHYg,$23.89,Free shipping
128,"PS Vita PCH-1000 Sony Playstation Accessory complete Console Used (Excellent)
Opens in a new window or tab",https://www.ebay.com/itm/392313972876?hash=item5b57bc288c:g:vvwAAOSwrv5iBg5~&amdata=enc%3AAQAIAAAAwDx8gEMvX7UN%2FU4YzxwWOIP3UGZ5z8nL6Y0sPJzuPCqsZeMTYbWsPvuSd1J04Fpi%2ByiG5b2R0yJqFruAuuY2vx2iGpeDGu5CEnUPlhDFjc4q3aBoObpVi8AiEX5AWBPBNuI4i368twD7bs4s9AS7RJ87QO6PtmSGEMVGrcETJ55Yl%2BZtbugs0EwKKGaUSX8blAhki9lGMhQfI%2Fqn8Z6qeo51fmZMq9yPLD6mM3Tz5bpW%2FkVWtdq9E8c5A%2BHEEzgGRQ%3D%3D%7Ctkp%3ABk9SR5zc3srHYg,$139.80 to $289.99,Free shipping
129,"SNES/Super Nintendo System Original Console 2 Controllers! 100% TESTED! COMPLETE
Opens in a new window or tab",https://www.ebay.com/itm/294847688611?hash=item44a64aafa3:g:jUMAAOSwwF1jVaBC&amdata=enc%3AAQAIAAAA4EJJfSNThCiAicMT12MWWc2GwxEp9M80gnJi1CvG5Yxnyy4dRpdIXLthW5Zca1iwo4g7eSxPxVykchFYzcIkKGvoZHTpSaVQtqbX2Q8WUBkt3RZ3EWsjsYPa3rcTzViiv4dCR4sglwylDyd%2BXZLi9JWOkFb2%2Bp6tW2ze0ad4HwriITZiUkM0prOG9alnECMttHv8TYMnvHUJ5QlJnd8Rax3G2zlPwChYq6BxZiZFtml4d0X1g7zmDluwRIhJTakAYhPqnoBGEucooLdAojJDAFMreeeqFIAYUW4RyofQzDHc%7Ctkp%3ABFBMnNzeysdi,$249.95,+$14.99 shipping
130,"4K Retro Game Console Plug&Play 12000+ Video Game Stick +2x Wireless Controllers
Opens in a new window or tab",https://www.ebay.com/itm/235111431711?hash=item36bdbbbe1f:g:J8sAAOSwUUNkwkZM&amdata=enc%3AAQAIAAAA4G%2BgJY1ox%2Fnc8%2FiWz35PEHqSBkzFIrZ0UHL%2FlCaxJs5oeaDfvi2V4%2F5T6r%2FZDVhjw%2FtYwA5eo3gHH0bEkW9gCNYMxkQ0Rag91Dod9yT4WOLNNkcmKTQq9Wn8V9C%2Bp0%2FEBKcnj5vev%2FnCTXEvnh12tAmLq8Uh6LpYLE4xQIQPsaJsC1oZ1j7%2FoMtdDH6SjgjIsnVMY46xz8Qis%2FD3R8gsJ7Ag7tqJCc8djpN%2FNQUHh%2F5y9DZrZwi%2Bhc8HBU0kdug5HbCc5gmDWOevt%2FtDzVzLKRh8pKKpeHF6TaywjbddG%2FFT%7Ctkp%3ABk9SR5zc3srHYg,$27.95,Free shipping
131,"Original Sony Playstation 2 System PS2 Console
Opens in a new window or tab",https://www.ebay.com/itm/374517926410?epid=178449998&hash=item5733020a0a:g:LREAAOSwn7Nj1dwc&amdata=enc%3AAQAIAAAA4Iw6o2JFXOyLPe%2BAoGWSX4rKerKpVFQfVC0JXFG%2BXRxmmReNIEsl7nkM0mf3x3RXXg1%2FRBazaos0uXW6KNYHtXLGFyby3kjaJRChcxoIma4TbL47lxhraCLlkbIj2GC%2Fdp9lpgqKKCOaCdN7AgPeeQOzqHAhexLEEp99znKLzT%2FGK%2BRyaQv5VYFyl5rzjClhR6JHzEC2Y0oyGeHZH34lrSnzOJz%2BRV4JbyMoKmj9jV9YtWHs1POuvtIHcT8W0kIfjXx%2FNuIdHY7fUC4uiRiu4P79uD5BPd2iuMUKwKEeUOFU%7Ctkp%3ABk9SR5zc3srHYg,$119.95,Free shipping
132,"NEW LISTINGNintendo Switch OLED Model HEG-001 Handheld Console - 64GB - White - With Extras
Opens in a new window or tab",https://www.ebay.com/itm/325790997340?epid=10048191653&hash=item4bdaa81b5c:g:I4UAAOSwcn1k7LPg&amdata=enc%3AAQAIAAAAwEj9DCZiv9eBRaoRZRomPgYL3QdfEyaVUCRnAZ57yaKIXu%2FyV2pdhu09BAIu%2FtkQbnBPN0X8n%2BrUTe6AYqgpTtXTIewjek69xtK1aP%2BVsBgABj9rWXhRUeSJ3ZoNtP0%2FIRezoOjJz%2FYeXoqK4m14VxEPyQdkVBcn1MD8EmLNd0EiXsmp6Dh1WIwLKayIbVP58FYmq7fF3kQ4CKT6%2FhgP3l35j9QJpcaL02CzHd6Hsqki0cxSS%2FloSQMheIX92IMvoA%3D%3D%7Ctkp%3ABk9SR5zc3srHYg,$0.99,+$13.05 shipping
133,"Game Consoles X12 Plus 7"" 16GB Retro Handheld Portable 10000 Games Video Console
Opens in a new window or tab",https://www.ebay.com/itm/125121834178?hash=item1d21d7acc2:g:VVIAAOSwdTtheKS~&amdata=enc%3AAQAIAAAA4Oi0jEL%2BsT%2Bcs8rodrJFfbydshDqWiJr80jAFHElhDlpTYHWQ9aQ1Bux2Ltz%2B9H7urUqjCZTiuiEIspMj0zY7SNzrbu5AjUORFfmrfynfUZCXOQZwTTsjOxokouMMYNh5JPWReTKQy6Zvu5VGDN%2B6weQ1CjbMd0ppWYBV2Rj6ewd6JQdOUVJM9lS4eNmTb2IBkFJ0UOBzIszl4j0FKl585%2FDEYgAFBrl7Xs28GD84Q76Ju1iw00ExO8ix8I6YsPGEQBSFUySMt7C1Gs2Uy94qKxKVTzSy%2BQelNKaLud0tu%2BO%7Ctkp%3ABk9SR57c3srHYg,$56.99,Free shipping
134,"PS Vita PCH-2000 Sony Playstation Console only Choice Charger Used (Excellent+)
Opens in a new window or tab",https://www.ebay.com/itm/393916641705?hash=item5bb742f1a9:g:BiwAAOSwMzFjG0sZ&amdata=enc%3AAQAIAAAAwHocM8o0ZjQ6EHldRS9LXL5CCfK7XYTquszSLKz4FsnzdPy5CVIpvPhlquVIOKyXlux%2FFdh19TZD3lehfDOF6Ee%2FzxTpwgM3mwYt4LjtwQlioFFkeOERK1cSceaXxfFA%2BNICFzWdi5ZPbUgl%2Bc9qOHBPfShS9N%2FmJgNga6JI8liBmbqOOF2lycqwKuDPUEoQC4XdOH1rAUBskg%2Feg01b9K7LCT8%2FJQw%2B0eYj2xIVNBHf4rqlFcDbHeu9mjbFjR8VxQ%3D%3D%7Ctkp%3ABk9SR57c3srHYg,$124.99 to $299.99,Free shipping
135,"HDMI 4K TV Game Stick Console Built-in 64GB 20010 Retro Games+2 Wireless Gamepad
Opens in a new window or tab",https://www.ebay.com/itm/145181395049?hash=item21cd7c4869:g:NkIAAOSwWDJkq9d3&amdata=enc%3AAQAIAAAA4LLmHDiQ2An9T3Ld0t2sIrvyea6kSRXAoG%2FVkqyssdd9wCt6H9008guKdvcfVJU3i%2FCisPAlesbxlF%2FGWVoFgVuCaU1kf2WKVzAibxTaKVzLWndLRyOxp%2FcGVmlFjIEyAW4QGUN6dn8TS5LLHwM%2BWaREwJLiGpyjo2h1iv4PqNDujok3zpbzca4d1cAYsqz4Oo56N8OIPkEOlt8QxjlV8oFoTbe0MLEM6qFFXQmAjcYIFxFihkIGFHw8BRUcNKubK5P8FklKFrd5eEib4wUMkbRdS6ez1trNJb8RUfIl7Uas%7Ctkp%3ABk9SR57c3srHYg,$15.99 to $33.99,Free shipping
136,"Retroid Pocket 3+ Plus Handheld Console RP3+ with Samsung 256GB Kit - US Seller
Opens in a new window or tab",https://www.ebay.com/itm/314301261687?hash=item492dd0a777:g:eBwAAOSw~RNjsw-Y&amdata=enc%3AAQAIAAAA4HCKD8Be1RO5qh5ZOQ%2F2dNkxvBYv2DLmkY1oAS2q7XDFrO7ZdNGmO%2F2YsbBdi%2BqfOt8%2FyrF6j3B2grojpbEHY%2BJoxqDlB5EQ9dC5WjAEuzCNJAkdTJ77veiE%2Bra1p6ynoPXHgebJa66kFVa%2BgM7WuSQElc0izNDsTvx1xGXuy1geRjkGaN7zmokTzp%2BjGgBpYxyZfSmNDuUqOYKSrs5fFQyxfE0v7NEjALoVMdPD50K%2FoybJZy8HL724Qj5ta81iLNDH4FmMlK4%2BnJHsal2S3CGk210jrdH2%2B%2B0UmTXVsXrw%7Ctkp%3ABk9SR57c3srHYg,$239.00,Free shipping
137,"Microsoft XBox 360 E System BLACK Video Game Console 4GB Wireless Bundle 360E
Opens in a new window or tab",https://www.ebay.com/itm/334657380166?epid=21011226593&hash=item4deb225f46:g:CmQAAOSwUOhjkTOB&amdata=enc%3AAQAIAAAA4AWTEs7I4urySsenYhIUWSumbGT68B2WRy7t4IGNTzdRRhCtwfOy8pd7ecFKwrKR50PA73n4te5DJLT0RF4yLmkwsguhYYX5MFlcswBkVFb3xRvEwYeouJ0B4q36vo7UKjuGj2mTLXeagreYTUBisYkcgnLpijex5JK5pluL%2BtZXjjAwamon6rJFy%2FzBoMoCdJA95XY%2B2953%2BTCU7%2FAjyFkIBRQrki3syAHZYiL8brwa8D9RgYlRNbxWnrn2u8NRNHKTCHPTR%2BpMB6d6xQFse9K%2FrUfAA9CQNrqJCCeelSb2%7Ctkp%3ABk9SR57c3srHYg,$166.20,Free shipping
138,"Nintendo Switch Tablet Console Only
Opens in a new window or tab",https://www.ebay.com/itm/225170151886?hash=item346d2fd9ce:g:6NcAAOSwT7NeBnzJ&amdata=enc%3AAQAIAAAA4JBvH718tT2EqUno612yMFhZPlREVa15W30PEqTHck7hVHdogTWa%2FungEUCHoCjbx0yf86ElZ97Rp%2BT1YqOKm38s1wvHZe3ml0rTLdt0pSGmf3282TCnS8NHMMM2NyL1oOibwzHR5jPeJ6cY%2Fv5%2FskxO75w5DHS0%2Bxt0BBlO1mJdO9WTC%2BSzB5nX9Sec0gvIJz%2B2pl9rhVFQZUD2OADobC4TYsKwb0Qk57a0dmx0TXFgCFNh2so7TC%2FfXaJX8GsfzQ73agmgFn41IM73DJzOVSl2tPoQ94cS1M9bvc29pNQx%7Ctkp%3ABk9SR57c3srHYg,$149.00,Free shipping
139,"Nintendo New 3DS LL XL Console only 5 Colors Excellent Used Japanese Tested
Opens in a new window or tab",https://www.ebay.com/itm/363816188657?hash=item54b5227af1:g:ukUAAOSwQcliZyzz&amdata=enc%3AAQAIAAAAwNFG3WEIk4YLQ%2F5nE0jybf236ivyp%2BbylEDE1UP8giF179ebGLtin4xybN5i1msvr%2BkV1IsQPTXaBRDVLJ%2FejO%2FcTg4EjW4QgAOvRkf4SPhvKI3ftdeqs17CEJmZ8A5sHeaCwLWnH0C5VZWes4d8Ew7UkGwaq9IVSeqUeKAEY95lC3q%2BxDXXBvMPhjmw0wldY09MTJimwFhiRiRflhPaM7QqhG%2BP86rGzu6n8qi1VXrR%2F%2Bbvgpd%2BYbZhGtNp5CP%2FRQ%3D%3D%7Ctkp%3ABk9SR57c3srHYg,$176.39,Free shipping
140,"GS5 Gamestation 5 Console - 200 Classic Retro Games (USB Wired) See Description
Opens in a new window or tab",https://www.ebay.com/itm/225707571453?hash=item348d3838fd:g:MDgAAOSw4DRkSDN~&amdata=enc%3AAQAIAAAAwL%2FE4Q%2BqlA1AF7wb%2BbHyhpzYwWHLZT09thw1TGdaOo4wUJRfd32NbzJtUeDPmoOMJLyDHkh0BaEdfcJh3A9xXIqe9JpksEwwzh4bIVlKxkNX3KSlo30aH77WTw5SV1FwgK1QkbKnrOHXW3B9EZ3XjqpSNXr0UrM69T2N7yN7JLE8q3AGjU0RpO0%2FZYYgxfOdQMBwRJEAy%2B3MBKk85U2F5o4fnKVMbWeOBNNDfZyXxGJA2cDAo%2FXzV9qgjMkjjH%2BWKw%3D%3D%7Ctkp%3ABk9SR57c3srHYg,$35.00,+$8.25 shipping
141,"Nintendo GameBoy Advance SP GBA Game Console AC Adapter AGS-001 Variation color
Opens in a new window or tab",https://www.ebay.com/itm/195349558247?hash=item2d7bbdb3e7:g:FwwAAOSw57pjIup2&amdata=enc%3AAQAIAAAAwLx2uc%2BTjTBZwtMoTikJeKGbt%2Fls3SiZRS8bxy1jK8dj4bLa0iQTaI%2BsM3WrlbW0%2B3UVZ4h4FmatOLlH2v3ndUNq%2FhMFRf%2By3J5brDAMTHZG55g8AdHu2HBLotyAThjAKDmarkxV41FxvwLbaBiB4CQ%2Bb8Ly3B41qXRsbSysvd1DcJF6A5MUg%2Bpp5AyxrRQkCmqx%2FX1s%2BEVWRrwNp2Oqzt6RWS0k90mXDTMSb0y%2F3X4FxROP96iAS5oPD0JWkEoJzA%3D%3D%7Ctkp%3ABk9SR57c3srHYg,$25.00 to $108.00,Free shipping
142,"Xbox 360 SLIM | RGH 3 **SEND IN SERVICE** | DEEP CLEAN | FREE RETURN SHIPPING
Opens in a new window or tab",https://www.ebay.com/itm/266375520411?hash=item3e0537e09b:g:Tc4AAOSwtFJkzeas&amdata=enc%3AAQAIAAAA4NFc2PvxLxGwiVpqpmb9H9U8dhtIYKloSgAUw8YljFbSVqS3ACOP10Fdv3tJ7d9%2BkAQd1I77qZY9i0bJjs0fb%2FDkMkHObjLJzPMVk7FxHrmof93e0GaSE32b0GizYhgF3vTUDzjDLxgjUxdvTlHFe8XxVSZkGClnotR%2Fp51rliDzPOatsMI0rSbOsRvaTP3RmIWGHnogU%2BtxIE4yK4%2F3J9EnM1jLgrH5MvSjJYS3BZ%2FTJhBfIMwKNM2kEnSzZeD2ru912bWp3UhI14LO%2F3TXVx%2B%2FZTS6oY795%2Fw8xl%2BpDQe1%7Ctkp%3ABk9SR57c3srHYg,$60.00,Free shipping
143,"AtGames Legends Core Plus - Streaming Arcade Console 100 BUILT IN GAMES, HA2811S
Opens in a new window or tab",https://www.ebay.com/itm/115875558736?hash=item1afab8b550:g:YmQAAOSwO9RkyDtA&amdata=enc%3AAQAIAAAA4Eo6ZW5adIl23jQlwsU2KBJgXkmOY4%2BWtZeUcoqD6TLGF3aWQclaTzgo7zAaHwpW744QNOI1naEgY5JnrYiOuf%2FrNKTo%2B7i%2BGPS8uHZD9JXX5cuZ1SEZ3VJhGZax8%2BrMDMs3tDuDynxsqd3M2iaD0pWCleDh1DJulRnsNf6OscgF2QRu70t5JzeiOvwnMiY4ZGc7WdLduBTFaQWFIBSMEXSP971jkzm%2BVbNFylc6AjBX0qeZyzVS1ctvAfV8sY7M7Z6ijILs8pS%2FjnjADnOeLWv5crZYV%2BROj2qAhqWwYVZ3%7Ctkp%3ABFBMntzeysdi,$39.99,Free shipping
144,"Retro Gaming Wand (4K + 64GB) 10,000 Retro Games + 2 Wireless Gamepads
Opens in a new window or tab",https://www.ebay.com/itm/145246768582?hash=item21d161cdc6:g:SV8AAOSw1p5kLF2j&amdata=enc%3AAQAIAAAA4BQL7wNSvU2HKVbQ8Cr0Hxu1eY5VVYmhWx19tHdnlymku4i5UsKfdVBbEA8E1uaz%2BRmAosP3plVIqGngzsL64Yqj3RhnJTBjJoSXDktr66Q%2Bu6lVjUJ8CmSeeBXxnkvme1EY0wGq6tPFcr1aTQdMSMg6qfANoWOsUcWbKV7XL1qxbcNak1L9NtAUUfyaTUgNYFrbm1NuidMAHvT1qIFtB%2B58gA1URdehafoDx9VwI2x%2BeEm5PgQoHAB6INj3qBf3TAS9zPMU8LzDOkI7mNgzJHwWgqLbMhOBGNK4xT9aHrbB%7Ctkp%3ABFBMntzeysdi,$57.99 to $97.99,Free shipping
